{"OutputFileHashSum":"EDD639EB56095D4AAE1D1E657F56DF78171483A045E759D7DC2A2AB0E52C1425","Converted":true,"OutputModifyDate":"2024-02-24T11:04:22.2682422Z","Metadatas":[{"CategoryName":"VuGen.Replay","Offset":2025,"Length":170,"TypeId":4},{"CategoryName":"VuGen.Replay","Offset":2771,"Length":23,"TypeId":1},{"CategoryName":"VuGen.Replay","Offset":2794,"Length":226,"TypeId":2},{"CategoryName":"VuGen.Replay","Offset":3195,"Length":184,"TypeId":5},{"CategoryName":"VuGen.Replay","Offset":3379,"Length":78,"TypeId":5},{"CategoryName":"VuGen.Replay","Offset":3457,"Length":81,"TypeId":5},{"CategoryName":"VuGen.Replay","Offset":11626,"Length":21,"TypeId":1}],"MetadataTypes":[{"CategoryName":"VuGen.Replay","MetadataTypeName":"HP.LR.Vugen.Iteration","Id":1},{"CategoryName":"VuGen.Replay","MetadataTypeName":"Utt.Debugger.Warning","Id":2},{"CategoryName":"VuGen.Replay","MetadataTypeName":"Utt.Debugger.Error","Id":3},{"CategoryName":"VuGen.Replay","MetadataTypeName":"HP.LR.Vugen.NotifySavingParameter","Id":4},{"CategoryName":"VuGen.Replay","MetadataTypeName":"HP.LR.Vugen.NotifyParameterSubstitution","Id":5}]}