{"project_name":"Remote Settings PROD","project_version":"18.0.0","http_api_version":"1.22","project_docs":"https://remote-settings.readthedocs.io","url":"https://firefox.settings.services.mozilla.com/v1/","settings":{"explicit_permissions":false,"batch_max_requests":25,"readonly":true},"capabilities":{"changes":{"description":"Track modifications of records in Kinto and store the collection timestamps into a specific bucket and collection.","url":"http://kinto.readthedocs.io/en/latest/tutorials/synchronisation.html#polling-for-remote-changes","version":"32.0.3","collections":["/buckets/blocklists","/buckets/blocklists-preview","/buckets/main","/buckets/main-preview","/buckets/security-state","/buckets/security-state-preview"]},"attachments":{"description":"Add file attachments to records","url":"https://github.com/Kinto/kinto-attachment/","version":"6.4.0","base_url":"https://firefox-settings-attachments.cdn.mozilla.net/"}}}