{"metadata":{"signature":{"ref":"1jwz677z7ouye1s73mw59vyxid","x5u":"https://content-signature-2.cdn.mozilla.net/chains/remote-settings.content-signature.mozilla.org-2024-04-09-14-36-39.chain","mode":"p384ecdsa","type":"contentsignaturepki","signature":"OWe8GT-_cSAxddSoLVQ3de_y-YsLnu6wE97-_Tm-LT-WpRlgNAoQYlMC-8cTwKONlzFmmv4-Z3owPRm5axS9OZ5cmjVA-rpVBUNNk9_Aiu_zXavg5F2aaAokNhyEsUz1","signer_id":"remote-settings","public_key":"MHYwEAYHKoZIzj0CAQYFK4EEACIDYgAEwsfTf5S2a2sekbOGwvfp1fzj+EX015Cbp8qoECAsPf3bIiOUBcpsPNrqE7CwENuT9M56G330NauFdbZuhlUOBbOWisNkg7ytb5xloJUDSUNPtm+vMLaNp+RQO9COPvWl"},"displayFields":["id","name"],"id":"normandy-recipes-capabilities","last_modified":1708717640361},"timestamp":1708717640150,"changes":[{"recipe":{"id":1362,"name":"HB: 2024 Win7/8 Device Migration (Win 7/8 FR)","action":"show-heartbeat","arguments":{"message":"Aidez-nous \u00E0 am\u00E9liorer Firefox en remplissant ce court questionnaire","surveyId":"2024-win78-win78cohort-fr","learnMoreUrl":"https://wiki.mozilla.org/Firefox/Shield/Heartbeat","repeatOption":"once","postAnswerUrl":"https://qsurvey.mozilla.com/s3/winmigration-fr?cohort=oesr","thanksMessage":"Merci","learnMoreMessage":"Pour en savoir plus","includeTelemetryUUID":true,"engagementButtonLabel":"Remplir le questionnaire"},"revision_id":"4196","capabilities":["action.show-heartbeat","capabilities-v1","jexl.context.normandy.os","jexl.transform.bucketSample"],"filter_expression":"((normandy.os.windowsVersion in [6.1, 6.2, 6.3])) && (normandy.os.isWindows) && (normandy.country in [\"FR\"]) && (normandy.locale in [\"fr\"]) && ([\"global-v6\",normandy.userId]|bucketSample(10300,3000,10000)) && (normandy.channel in [\"esr\"])","uses_only_baseline_capabilities":false},"signature":{"x5u":"https://content-signature-2.cdn.mozilla.net/chains/normandy.content-signature.mozilla.org-2024-04-09-14-36-37.chain?cachebust=2017-06-13-21-06","signature":"q_2MyMCTvG5lrSUXAdYZMX396C7oiLK0e5TndLeBck4ORjVGqbVFOLIBXOEy-HZoi948EQoKrfNnK7mDvcM1e7acgRp74hW10O1Un5esYHOvRlAWJM_KNApBJ7VSyvOQ","timestamp":"2024-02-23T19:47:19.566772Z","public_key":""},"id":"1362","last_modified":1708717640150},{"recipe":{"id":1374,"name":"HB: 2024 Win7/8 Device Migration (Win 10/11 EN-ID)","action":"show-heartbeat","arguments":{"message":"Please help make Firefox better by taking this short survey","surveyId":"2024-win78-win1011cohort-enid","learnMoreUrl":"https://wiki.mozilla.org/Firefox/Shield/Heartbeat","repeatOption":"once","postAnswerUrl":"https://qsurvey.mozilla.com/s3/migration10-enid?cohort=n","thanksMessage":"Thanks","learnMoreMessage":"Learn more","includeTelemetryUUID":true,"engagementButtonLabel":"Take survey"},"revision_id":"4191","capabilities":["action.show-heartbeat","capabilities-v1","jexl.context.normandy.os","jexl.transform.bucketSample"],"filter_expression":"(normandy.channel in [\"release\"]) && ((normandy.os.windowsVersion in [10.0])) && (normandy.os.isWindows) && (normandy.locale in [\"en-US\",\"en-GB\"]) && (normandy.country in [\"ID\"]) && ([\"global-v6\",normandy.userId]|bucketSample(10300,1200,10000))","uses_only_baseline_capabilities":false},"signature":{"x5u":"https://content-signature-2.cdn.mozilla.net/chains/normandy.content-signature.mozilla.org-2024-04-09-14-36-37.chain?cachebust=2017-06-13-21-06","signature":"3Q-bVeXhk93-MsS_qzNVva3a4nsHgFH3WA0Qh9m-__fBq0jqpfUzFIvCrVKdWWkKnzf0-P9W9Fidg9-joaxVw1H1a1xigxMR5KadvXx02l45sp9HSn4d5_iWEDzbcow2","timestamp":"2024-02-23T19:45:00.387268Z","public_key":""},"id":"1374","last_modified":1708717500688},{"recipe":{"id":1373,"name":"HB: 2024 Win7/8 Device Migration (Win 7/8 EN ID)","action":"show-heartbeat","arguments":{"message":"Please help make Firefox better by taking this short survey","surveyId":"2024-win78-win78cohort-enid","learnMoreUrl":"https://wiki.mozilla.org/Firefox/Shield/Heartbeat","repeatOption":"once","postAnswerUrl":"https://qsurvey.mozilla.com/s3/winmigration-enid?cohort=oesr","thanksMessage":"Thanks","learnMoreMessage":"Learn more","includeTelemetryUUID":true,"engagementButtonLabel":"Take survey"},"revision_id":"4190","capabilities":["action.show-heartbeat","capabilities-v1","jexl.context.normandy.os","jexl.transform.bucketSample"],"filter_expression":"((normandy.os.windowsVersion in [6.1, 6.2, 6.3])) && (normandy.os.isWindows) && (normandy.locale in [\"en-GB\",\"en-US\"]) && ([\"global-v6\",normandy.userId]|bucketSample(10300,2000,10000)) && (normandy.country in [\"ID\"]) && (normandy.channel in [\"esr\"])","uses_only_baseline_capabilities":false},"signature":{"x5u":"https://content-signature-2.cdn.mozilla.net/chains/normandy.content-signature.mozilla.org-2024-04-09-14-36-37.chain?cachebust=2017-06-13-21-06","signature":"AUw5ooSlygPNmsJXy6N_4LiNsIM74YSnjmC6zw9hD-tTS3KJF_KRTIY_WvEomWMiaFK3oljG0lMsgdk5e2XA6-HUjCZW3u4vmvF4raSknWf54TCj6UeHtxaATUKDvJpR","timestamp":"2024-02-23T19:44:52.985986Z","public_key":""},"id":"1373","last_modified":1708717493539},{"recipe":{"id":1363,"name":"HB: 2024 Win7/8 Device Migration (Win 7/8 PL)","action":"show-heartbeat","arguments":{"message":"Pom\u00F3\u017C nam ulepszy\u0107 Firefox, bior\u0105c udzia\u0142 w tej kr\u00F3tkiej ankiecie","surveyId":"2024-win78-win78cohort-pl","learnMoreUrl":"https://wiki.mozilla.org/Firefox/Shield/Heartbeat","repeatOption":"once","postAnswerUrl":"https://qsurvey.mozilla.com/s3/winmigration-pl?cohort=oesr","thanksMessage":"Dzi\u0119kujemy","learnMoreMessage":"Dowiedz si\u0119 wi\u0119cej","includeTelemetryUUID":true,"engagementButtonLabel":"Wype\u0142nij ankiet\u0119"},"revision_id":"4197","capabilities":["action.show-heartbeat","capabilities-v1","jexl.context.normandy.os","jexl.transform.bucketSample"],"filter_expression":"((normandy.os.windowsVersion in [6.1, 6.2, 6.3])) && (normandy.os.isWindows) && (normandy.country in [\"PL\"]) && (normandy.locale in [\"pl\"]) && ([\"global-v6\",normandy.userId]|bucketSample(10300,3200,10000)) && (normandy.channel in [\"esr\"])","uses_only_baseline_capabilities":false},"signature":{"x5u":"https://content-signature-2.cdn.mozilla.net/chains/normandy.content-signature.mozilla.org-2024-04-09-14-36-37.chain?cachebust=2017-06-13-21-06","signature":"EspBf2AHtRhiPEQCu5w8VZlQD6YrfBqKzY3kgm4Ll88_tYYQ64V4IVMwlfsVrCxZBxWviRa3QWtNqgpKsjersOcJERBhTsctPwZqeA_wB-Lzo0YaIqKhnIuvQ71mpOfN","timestamp":"2024-02-23T19:43:04.353201Z","public_key":""},"id":"1363","last_modified":1708717384945},{"recipe":{"id":1359,"name":"HB: 2024 Win7/8 Device Migration (Win 7/8 PT BR)","action":"show-heartbeat","arguments":{"message":"Ajude a tornar o Firefox cada vez melhor participando desta breve pesquisa","surveyId":"2024-win78-win78cohort-ptbr","learnMoreUrl":"https://wiki.mozilla.org/Firefox/Shield/Heartbeat","repeatOption":"once","postAnswerUrl":"https://qsurvey.mozilla.com/s3/winmigration-ptbr?cohort=oesr","thanksMessage":"Obrigado","learnMoreMessage":"Saiba mais","includeTelemetryUUID":true,"engagementButtonLabel":"Participe da pesquisa"},"revision_id":"4194","capabilities":["action.show-heartbeat","capabilities-v1","jexl.context.normandy.os","jexl.transform.bucketSample"],"filter_expression":"((normandy.os.windowsVersion in [6.1, 6.2, 6.3])) && (normandy.os.isWindows) && (normandy.country in [\"BR\"]) && (normandy.locale in [\"pt-BR\"]) && ([\"global-v6\",normandy.userId]|bucketSample(10300,2000,10000)) && (normandy.channel in [\"esr\"])","uses_only_baseline_capabilities":false},"signature":{"x5u":"https://content-signature-2.cdn.mozilla.net/chains/normandy.content-signature.mozilla.org-2024-04-09-14-36-37.chain?cachebust=2017-06-13-21-06","signature":"1OuvOCG1IRcEpisrsQMOD1ZfQPzaGqmmB3s1Gb5eobduiZvKEV6mrNsro86qCZP_Z5TCnuURviYU465azPtv6aiIy1-QDxsyFaXeIJlWvoDJNo39H1B_ErEXsQgmKvQ1","timestamp":"2024-02-23T19:42:11.616384Z","public_key":""},"id":"1359","last_modified":1708717332253},{"recipe":{"id":1358,"name":"HB: 2024 Win7/8 Device Migration (Win 7/8 EN IN)","action":"show-heartbeat","arguments":{"message":"Please help make Firefox better by taking this short survey","surveyId":"2024-win78-win78cohort-enin","learnMoreUrl":"https://wiki.mozilla.org/Firefox/Shield/Heartbeat","repeatOption":"once","postAnswerUrl":"https://qsurvey.mozilla.com/s3/winmigration-in?cohort=oesr","thanksMessage":"Thanks","learnMoreMessage":"Learn more","includeTelemetryUUID":true,"engagementButtonLabel":"Take survey"},"revision_id":"4193","capabilities":["action.show-heartbeat","capabilities-v1","jexl.context.normandy.os","jexl.transform.bucketSample"],"filter_expression":"((normandy.os.windowsVersion in [6.1, 6.2, 6.3])) && (normandy.os.isWindows) && (normandy.country in [\"IN\"]) && (normandy.locale in [\"en-GB\",\"en-US\"]) && ([\"global-v6\",normandy.userId]|bucketSample(10300,1600,10000)) && (normandy.channel in [\"esr\"])","uses_only_baseline_capabilities":false},"signature":{"x5u":"https://content-signature-2.cdn.mozilla.net/chains/normandy.content-signature.mozilla.org-2024-04-09-14-36-37.chain?cachebust=2017-06-13-21-06","signature":"jLTcsZhT1or-vQ29m8u5B2hPwfU0eD2m2b5Lh3aK5X4VQ-mgldY4WxgXHjOh2f4BPx6182aV8RlqHzGFQ3GyGMvGbHsibotTjNdc5WYLEY7yn53yC4cVQ3tjGwD40JkN","timestamp":"2024-02-23T19:41:27.063604Z","public_key":""},"id":"1358","last_modified":1708717287670},{"recipe":{"id":1356,"name":"HB: 2024 Win7/8 Device Migration (Win 7/8 EN BD)","action":"show-heartbeat","arguments":{"message":"Please help make Firefox better by taking this short survey","surveyId":"2024-win78-win78cohort-enbd","learnMoreUrl":"https://wiki.mozilla.org/Firefox/Shield/Heartbeat","repeatOption":"once","postAnswerUrl":"https://qsurvey.mozilla.com/s3/winmigration-bd?cohort=oesr","thanksMessage":"Thanks","learnMoreMessage":"Learn more","includeTelemetryUUID":true,"engagementButtonLabel":"Take survey"},"revision_id":"4192","capabilities":["action.show-heartbeat","capabilities-v1","jexl.context.normandy.os","jexl.transform.bucketSample"],"filter_expression":"((normandy.os.windowsVersion in [6.1, 6.2, 6.3])) && (normandy.os.isWindows) && (normandy.country in [\"BD\"]) && (normandy.locale in [\"en-US\",\"en-GB\"]) && ([\"global-v6\",normandy.userId]|bucketSample(10300,4000,10000)) && (normandy.channel in [\"esr\"])","uses_only_baseline_capabilities":false},"signature":{"x5u":"https://content-signature-2.cdn.mozilla.net/chains/normandy.content-signature.mozilla.org-2024-04-09-14-36-37.chain?cachebust=2017-06-13-21-06","signature":"Bvfz6COebWfctRCM2IuMyLOVOD2iEp-ZSMF4qUfoSCnd_X74iy_BA-KwBY-GWVVzTTpRXpmXsbYnMHLjYgR8s0kxDn1a36Vg__HXbm04UcZrf0yf3oMt3bSYj_2BR7yC","timestamp":"2024-02-23T19:40:32.011738Z","public_key":""},"id":"1356","last_modified":1708717232604},{"recipe":{"id":1366,"name":"HB: 2024 Win7/8 Device Migration (Win 10/11 EN-IN)","action":"show-heartbeat","arguments":{"message":"Please help make Firefox better by taking this short survey","surveyId":"2024-win78-win1011cohort-enin","learnMoreUrl":"https://wiki.mozilla.org/Firefox/Shield/Heartbeat","repeatOption":"once","postAnswerUrl":"https://qsurvey.mozilla.com/s3/migration10-in?cohort=n","thanksMessage":"Thanks","learnMoreMessage":"Learn more","includeTelemetryUUID":true,"engagementButtonLabel":"Take survey"},"revision_id":"4199","capabilities":["action.show-heartbeat","capabilities-v1","jexl.context.normandy.os","jexl.transform.bucketSample"],"filter_expression":"(normandy.channel in [\"release\"]) && ((normandy.os.windowsVersion in [10.0])) && (normandy.os.isWindows) && (normandy.locale in [\"en-US\",\"en-GB\"]) && (normandy.country in [\"IN\"]) && ([\"global-v6\",normandy.userId]|bucketSample(10300,200,10000))","uses_only_baseline_capabilities":false},"signature":{"x5u":"https://content-signature-2.cdn.mozilla.net/chains/normandy.content-signature.mozilla.org-2024-04-09-14-36-37.chain?cachebust=2017-06-13-21-06","signature":"z3kI6GWsM4-PffWjPlqpcjBe2W6WMucfYzmC0Bn7fYo7BmEAQ6qfqFrs9BK1jZVAPPbUTOql9cPShZjqFd7XIkwuTuslufZuUUSpD0HJefrHgdEAAUu4m0BAYYbClArS","timestamp":"2024-02-23T19:36:06.034058Z","public_key":""},"id":"1366","last_modified":1708716966656},{"recipe":{"id":1365,"name":"HB: 2024 Win7/8 Device Migration (Win 10/11 EN-BD)","action":"show-heartbeat","arguments":{"message":"Please help make Firefox better by taking this short survey","surveyId":"2024-win78-win1011cohort-enbd","learnMoreUrl":"https://wiki.mozilla.org/Firefox/Shield/Heartbeat","repeatOption":"once","postAnswerUrl":"https://qsurvey.mozilla.com/s3/migration10-bd?cohort=n","thanksMessage":"Thanks","learnMoreMessage":"Learn more","includeTelemetryUUID":true,"engagementButtonLabel":"Take survey"},"revision_id":"4198","capabilities":["action.show-heartbeat","capabilities-v1","jexl.context.normandy.os","jexl.transform.bucketSample"],"filter_expression":"(normandy.channel in [\"release\"]) && ((normandy.os.windowsVersion in [10.0])) && (normandy.os.isWindows) && (normandy.locale in [\"en-US\",\"en-GB\"]) && (normandy.country in [\"BD\"]) && ([\"global-v6\",normandy.userId]|bucketSample(10300,2000,10000))","uses_only_baseline_capabilities":false},"signature":{"x5u":"https://content-signature-2.cdn.mozilla.net/chains/normandy.content-signature.mozilla.org-2024-04-09-14-36-37.chain?cachebust=2017-06-13-21-06","signature":"e3m0r5pbpBHdudHgffNMQlADmhsp_BL2hoZvXXMZWqf-Pqa-6zTevyIvUoOwTLfA3hENbCszC6dwNP4efdXfTxASNeGegPSTpecM5fUEEI6Lgk6DvKY01o19UD3FxA-L","timestamp":"2024-02-23T19:34:16.332796Z","public_key":""},"id":"1365","last_modified":1708716856950},{"recipe":{"id":1361,"name":"HB: 2024 Win7/8 Device Migration (Win 7/8 DE)","action":"show-heartbeat","arguments":{"message":"Hilf uns mit Deinem Feedback Firefox noch besser zu machen.","surveyId":"2024-win78-win78cohort-de","learnMoreUrl":"https://wiki.mozilla.org/Firefox/Shield/Heartbeat","repeatOption":"once","postAnswerUrl":"https://qsurvey.mozilla.com/s3/winmigration-de?cohort=oesr","thanksMessage":"Dankesch\u00F6n","learnMoreMessage":"Mehr dar\u00FCber Erfahren","includeTelemetryUUID":true,"engagementButtonLabel":"Zur Umfrage"},"revision_id":"4195","capabilities":["action.show-heartbeat","capabilities-v1","jexl.context.normandy.os","jexl.transform.bucketSample"],"filter_expression":"((normandy.os.windowsVersion in [6.1, 6.2, 6.3])) && (normandy.os.isWindows) && (normandy.country in [\"DE\"]) && (normandy.locale in [\"de\"]) && ([\"global-v6\",normandy.userId]|bucketSample(10300,3000,10000)) && (normandy.channel in [\"esr\"])","uses_only_baseline_capabilities":false},"signature":{"x5u":"https://content-signature-2.cdn.mozilla.net/chains/normandy.content-signature.mozilla.org-2024-04-09-14-36-37.chain?cachebust=2017-06-13-21-06","signature":"2RO7554mkETsdyBC84kEdGlJKisw79NtCtSL4IL7WZNBAOG9QDNgHYjr_eZAQjwNcA80Vu_SDehHqt0Ui9WCbE0UsDmtnXB6QJQgK_vJHs1avk0REa77-CS3G93h-B5J","timestamp":"2024-02-23T19:31:32.321958Z","public_key":""},"id":"1361","last_modified":1708716692910},{"recipe":{"id":1369,"name":"HB: 2024 Win7/8 Device Migration (Win 10/11 FR)","action":"show-heartbeat","arguments":{"message":"Aidez-nous \u00E0 am\u00E9liorer Firefox en remplissant ce court questionnaire","surveyId":"2024-win78-win1011cohort-fr","learnMoreUrl":"https://wiki.mozilla.org/Firefox/Shield/Heartbeat","repeatOption":"once","postAnswerUrl":"https://qsurvey.mozilla.com/s3/migration10-fr?cohort=n","thanksMessage":"Merci","learnMoreMessage":"Pour en savoir plus","includeTelemetryUUID":true,"engagementButtonLabel":"Remplir le questionnaire"},"revision_id":"4202","capabilities":["action.show-heartbeat","capabilities-v1","jexl.context.normandy.os","jexl.transform.bucketSample"],"filter_expression":"(normandy.channel in [\"release\"]) && ((normandy.os.windowsVersion in [10.0])) && (normandy.os.isWindows) && (normandy.country in [\"FR\"]) && (normandy.locale in [\"fr\"]) && ([\"global-v6\",normandy.userId]|bucketSample(10300,300,10000))","uses_only_baseline_capabilities":false},"signature":{"x5u":"https://content-signature-2.cdn.mozilla.net/chains/normandy.content-signature.mozilla.org-2024-04-09-14-36-37.chain?cachebust=2017-06-13-21-06","signature":"LLlcpb3Qm6TJlsonxXntGGpW_zMxVXhL0ko-eZBM8XxYjrCbFFTgWGBc5EEcNWRrlcKW-HpIrIrEOa2ok892ujfP6NQzY-KaC9uNdsTDkgZDzbyRqacgnZQNzKTRxbHF","timestamp":"2024-02-23T19:30:39.717044Z","public_key":""},"id":"1369","last_modified":1708716640512},{"recipe":{"id":1368,"name":"HB: 2024 Win7/8 Device Migration (Win 10/11 DE)","action":"show-heartbeat","arguments":{"message":"Hilf uns mit Deinem Feedback Firefox noch besser zu machen.","surveyId":"2024-win78-win1011cohort-de","learnMoreUrl":"https://wiki.mozilla.org/Firefox/Shield/Heartbeat","repeatOption":"once","postAnswerUrl":"https://qsurvey.mozilla.com/s3/migration10-de?cohort=n","thanksMessage":"Dankesch\u00F6n","learnMoreMessage":"Mehr dar\u00FCber Erfahren","includeTelemetryUUID":true,"engagementButtonLabel":"Zur Umfrage"},"revision_id":"4201","capabilities":["action.show-heartbeat","capabilities-v1","jexl.context.normandy.os","jexl.transform.bucketSample"],"filter_expression":"(normandy.channel in [\"release\"]) && ((normandy.os.windowsVersion in [10.0])) && (normandy.os.isWindows) && (normandy.country in [\"DE\"]) && (normandy.locale in [\"de\"]) && ([\"global-v6\",normandy.userId]|bucketSample(10300,300,10000))","uses_only_baseline_capabilities":false},"signature":{"x5u":"https://content-signature-2.cdn.mozilla.net/chains/normandy.content-signature.mozilla.org-2024-04-09-14-36-37.chain?cachebust=2017-06-13-21-06","signature":"VmjNOlnC4-eN74utB6ACGOwzUmfZlQve35dnkZ9GsS4gBRFV2SKGN922m9r-9DzA8fKf2NLPr6bSHKcNGJ1LiaouVTz6s0l4pp0bWk1A67szIQHUEDlzcFnDaqUyYP7Q","timestamp":"2024-02-23T19:29:35.732238Z","public_key":""},"id":"1368","last_modified":1708716576296},{"recipe":{"id":1367,"name":"HB: 2024 Win7/8 Device Migration (Win 10/11 PT-BR)","action":"show-heartbeat","arguments":{"message":"Ajude a tornar o Firefox cada vez melhor participando desta breve pesquisa","surveyId":"2024-win78-win1011cohort-ptbr","learnMoreUrl":"https://wiki.mozilla.org/Firefox/Shield/Heartbeat","repeatOption":"once","postAnswerUrl":"https://qsurvey.mozilla.com/s3/migration10-ptbr?cohort=n","thanksMessage":"Obrigado","learnMoreMessage":"Saiba mais","includeTelemetryUUID":true,"engagementButtonLabel":"Participe da pesquisa"},"revision_id":"4200","capabilities":["action.show-heartbeat","capabilities-v1","jexl.context.normandy.os","jexl.transform.bucketSample"],"filter_expression":"(normandy.channel in [\"release\"]) && ((normandy.os.windowsVersion in [10.0])) && (normandy.os.isWindows) && (normandy.locale in [\"pt-BR\"]) && (normandy.country in [\"BR\"]) && ([\"global-v6\",normandy.userId]|bucketSample(10300,400,10000))","uses_only_baseline_capabilities":false},"signature":{"x5u":"https://content-signature-2.cdn.mozilla.net/chains/normandy.content-signature.mozilla.org-2024-04-09-14-36-37.chain?cachebust=2017-06-13-21-06","signature":"LTAxVE-WE-hlgqyEp-PF1S5aq-nFS2TaPm0L7XUQpwvApSJol4ETH3PshbM96D_0W4StrN1aFt7AuJjqILB_tlPNVtDSv95Jr7B7GLdJo5u2DB6Pd0u1sxBI-OmFWPkd","timestamp":"2024-02-23T19:27:58.304215Z","public_key":""},"id":"1367","last_modified":1708716478883},{"recipe":{"id":1370,"name":"HB: 2024 Win7/8 Device Migration (Win 10/11 PL)","action":"show-heartbeat","arguments":{"message":"Pom\u00F3\u017C nam ulepszy\u0107 Firefox, bior\u0105c udzia\u0142 w tej kr\u00F3tkiej ankiecie","surveyId":"2024-win78-win1011cohort-pl","learnMoreUrl":"https://wiki.mozilla.org/Firefox/Shield/Heartbeat","repeatOption":"once","postAnswerUrl":"https://qsurvey.mozilla.com/s3/migration10-pl?cohort=n","thanksMessage":"Dzi\u0119kujemy","learnMoreMessage":"Dowiedz si\u0119 wi\u0119cej","includeTelemetryUUID":true,"engagementButtonLabel":"Wype\u0142nij ankiet\u0119"},"revision_id":"4203","capabilities":["action.show-heartbeat","capabilities-v1","jexl.context.normandy.os","jexl.transform.bucketSample"],"filter_expression":"(normandy.channel in [\"release\"]) && ((normandy.os.windowsVersion in [10.0])) && (normandy.os.isWindows) && (normandy.country in [\"PL\"]) && (normandy.locale in [\"pl\"]) && ([\"global-v6\",normandy.userId]|bucketSample(10300,800,10000))","uses_only_baseline_capabilities":false},"signature":{"x5u":"https://content-signature-2.cdn.mozilla.net/chains/normandy.content-signature.mozilla.org-2024-04-09-14-36-37.chain?cachebust=2017-06-13-21-06","signature":"lSutHdJEWi82IFSeoJwevRmF-_GIjdEpoucVEgV534t96_-pwEa-njo9eEvjapt0-hZJl27FRmFeHkLvV-2PqZVIUGg60mn2TtfdM5GDpbS0QUQG7JVnp46gQgkQJW3t","timestamp":"2024-02-23T19:24:37.528680Z","public_key":""},"id":"1370","last_modified":1708716278143},{"recipe":{"id":1225,"name":"Heartbeat: Daily Viewpoint Survey (de)","action":"show-heartbeat","arguments":{"message":"Hilf uns mit Deinem Feedback Firefox noch besser zu machen.","surveyId":"hb-dvs-de","learnMoreUrl":"https://support.mozilla.org/kb/rate-your-firefox-experience-heartbeat","repeatOption":"once","postAnswerUrl":"https://qsurvey.mozilla.com/s3/vp2023DE","thanksMessage":"Dankesch\u00F6n","learnMoreMessage":"Mehr dar\u00FCber Erfahren","includeTelemetryUUID":true,"engagementButtonLabel":"Zur Umfrage"},"revision_id":"4032","capabilities":["action.show-heartbeat"],"filter_expression":"(normandy.channel in [\"release\"]) && (normandy.locale in [\"de\"]) && (['rolling-viewpoint', normandy.userId]|bucketSample(19468 + normandy.request_time / (24*60*60*1000) + 7, 7, 7000))","uses_only_baseline_capabilities":true},"signature":{"x5u":"https://content-signature-2.cdn.mozilla.net/chains/normandy.content-signature.mozilla.org-2024-04-09-14-36-37.chain?cachebust=2017-06-13-21-06","signature":"OEV9BXP-v0vtReCQiTD3t96STkJBSce9qtg5k8BvOS-oLK7qw2LfgkGwVYgZWnWKl19pch2_dnI3ybhcLBvbaAfmnoJtpm7J5sxX1VhIt9KehX1SbvOIDHvZInx1cpTJ","timestamp":"2024-02-23T00:01:03.662947Z","public_key":""},"id":"1225","last_modified":1708646469329},{"recipe":{"id":1248,"name":"CRLite","action":"preference-rollout","arguments":{"slug":"bug-1796197-rollout-crlite-release-107-108","preferences":[{"value":true,"preferenceName":"security.remote_settings.crlite_filters.enabled"}]},"revision_id":"3899","capabilities":["action.preference-rollout","capabilities-v1","jexl.context.env.version","jexl.transform.bucketSample","jexl.transform.versionCompare"],"filter_expression":"(normandy.channel in [\"release\"]) && ((env.version|versionCompare(\"107.!\")>=0)&&(env.version|versionCompare(\"108.*\")<0)) && ([\"crlite-staged-rollout\",normandy.userId]|bucketSample(0,100,10000))","uses_only_baseline_capabilities":false},"signature":{"x5u":"https://content-signature-2.cdn.mozilla.net/chains/normandy.content-signature.mozilla.org-2024-04-09-14-36-37.chain?cachebust=2017-06-13-21-06","signature":"2UstFg1Mpv_MeQk1b8KI_HydU3KGWnXHACdfBS5sfQGpw052Z1tzjx8CCS0BjADHTzNYNrX3UJJBASuEaRxvbO-sFlCLCcOG07N6wf9pYP1Ab9SpU32gIuZRhhGiYZ1H","timestamp":"2024-02-23T00:01:04.472758Z","public_key":""},"id":"1248","last_modified":1708646469326},{"recipe":{"id":1316,"name":"Disable background task on macOS","action":"multi-preference-experiment","arguments":{"slug":"bug-1828180-pref-disable-background-task-on-macos-release-112-112","branches":[{"slug":"disabled","ratio":100,"preferences":{"dom.quotaManager.backgroundTask.enabled":{"preferenceType":"boolean","preferenceValue":false,"preferenceBranchType":"default"}}}],"userFacingName":"Disable background task on macOS","isEnrollmentPaused":false,"experimentDocumentUrl":"https://experimenter.services.mozilla.com/experiments/disable-background-task-on-macos/","userFacingDescription":"This prevents the shutdown cleanup process from triggering background task."},"revision_id":"4014","capabilities":["action.multi-preference-experiment","capabilities-v1","jexl.context.env.version","jexl.transform.bucketSample","jexl.transform.versionCompare"],"filter_expression":"(normandy.channel in [\"release\"]) && ((env.version|versionCompare(\"112.!\")>=0)&&(env.version|versionCompare(\"112.*\")<0)) && ([\"disable-background-task-on-macos\",normandy.userId]|bucketSample(0,10000,10000))","uses_only_baseline_capabilities":false},"signature":{"x5u":"https://content-signature-2.cdn.mozilla.net/chains/normandy.content-signature.mozilla.org-2024-04-09-14-36-37.chain?cachebust=2017-06-13-21-06","signature":"RkhnzPgAPNnTWml-58VY3WGcBweApL3QDyGqs4VWbckNjQ4nZmb_2uubuC_Q__quMhQEclL9uklH7TIZERmUYRevGEp8eRc8NVBU62zv3WEzx2Qa0kh5YgRk5bMTOnNe","timestamp":"2024-02-23T00:01:04.080646Z","public_key":""},"id":"1316","last_modified":1708646469323},{"recipe":{"id":1246,"name":"Fix webcompat shim breakage","action":"preference-rollout","arguments":{"slug":"bug-1802286-rollout-fix-webcompat-shim-breakage-release-103-107","preferences":[{"value":true,"preferenceName":"extensions.webcompat.disabled_shims.AdvertisingDotCom"}]},"revision_id":"3888","capabilities":["action.preference-rollout","capabilities-v1","jexl.context.env.version","jexl.transform.bucketSample","jexl.transform.versionCompare"],"filter_expression":"(normandy.channel in [\"release\"]) && ((env.version|versionCompare(\"103.!\")>=0)&&(env.version|versionCompare(\"107.*\")<0)) && ([\"webcompat-shim-rollout-release\",normandy.userId]|bucketSample(0,10000,10000))","uses_only_baseline_capabilities":false},"signature":{"x5u":"https://content-signature-2.cdn.mozilla.net/chains/normandy.content-signature.mozilla.org-2024-04-09-14-36-37.chain?cachebust=2017-06-13-21-06","signature":"r9KwVWlAn1VeDogoYOC--j3zDEcUjlaARF8hxo80dGKv8-XkwNXm5V6eOjQS6g_-TEP_y9s2eMQZNMx4DOmZAyMC0qZa0yUPVwoZOBMjGHwLnhzXIAYgHRXZpOctQFfe","timestamp":"2024-02-23T00:01:04.673662Z","public_key":""},"id":"1246","last_modified":1708646469319},{"recipe":{"id":1207,"name":"Enabling DoH in new countries - staggered start for Nightly, Beta, Release V2","action":"preference-rollout","arguments":{"slug":"bug-1758818-rollout-enabling-doh-in-new-countries-staggered-sta-release-98-100","preferences":[{"value":true,"preferenceName":"doh-rollout.ua.enabled"}]},"revision_id":"3821","capabilities":["action.preference-rollout","capabilities-v1","jexl.context.env.version","jexl.context.normandy.appinfo","jexl.transform.bucketSample","jexl.transform.preferenceValue","jexl.transform.versionCompare"],"filter_expression":"(((normandy.channel in [\"release\"]&&[\"doh-east-eu\",normandy.userId]|bucketSample(0,10000,10000)&&(env.version|versionCompare(\"91.!\")>=0)&&(env.version|versionCompare(\"101.*\")<0))||(normandy.channel in [\"beta\"]&&[\"doh-east-eu\",normandy.userId]|bucketSample(0,10000,10000)&&(env.version|versionCompare(\"99.0b4\")>=0)&&(env.version|versionCompare(\"101.*\")<0))||(normandy.channel in [\"nightly\"]&&[\"doh-east-eu\",normandy.userId]|bucketSample(0,10000,10000)&&(env.version|versionCompare(\"100.!\")>=0)&&(env.version|versionCompare(\"101.*\")<0)&&(normandy.appinfo.appBuildID >= '20220315091352')))) && ('doh-rollout.home-region'|preferenceValue == \"UA\") && ('services.settings.main.doh-config.last_check'|preferenceValue > 1633867200)","uses_only_baseline_capabilities":false},"signature":{"x5u":"https://content-signature-2.cdn.mozilla.net/chains/normandy.content-signature.mozilla.org-2024-04-09-14-36-37.chain?cachebust=2017-06-13-21-06","signature":"AznvEYOd2lnh9F-HJ688D6kZTqiD-FJrzfNGB23rh6C7ynuGgI0ufyIGJ3oZ1RmgbaOKwvNjzW4NK4nSfeEOJLodTNg8jRHaIh2ZcxR1pAHlG52tVOc2F9KGoPvxB9SB","timestamp":"2024-02-23T00:01:05.064282Z","public_key":""},"id":"1207","last_modified":1708646469316},{"recipe":{"id":1208,"name":"DoH enablment to new countries - staggered start for Nightly, Beta, and Release V3","action":"preference-rollout","arguments":{"slug":"bug-1758988-rollout-doh-enablment-to-new-countries-staggered-st-release-98-100","preferences":[{"value":true,"preferenceName":"doh-rollout.ru.enabled"}]},"revision_id":"3822","capabilities":["action.preference-rollout","capabilities-v1","jexl.context.env.version","jexl.context.normandy.appinfo","jexl.transform.bucketSample","jexl.transform.preferenceValue","jexl.transform.versionCompare"],"filter_expression":"(((normandy.channel in [\"release\"]&&[\"doh-russia\",normandy.userId]|bucketSample(0,10000,10000)&&(env.version|versionCompare(\"91.!\")>=0)&&(env.version|versionCompare(\"101.*\")<0))||(normandy.channel in [\"beta\"]&&[\"doh-russia\",normandy.userId]|bucketSample(0,10000,10000)&&(env.version|versionCompare(\"99.0b4\")>=0)&&(env.version|versionCompare(\"101.*\")<0))||(normandy.channel in [\"nightly\"]&&[\"doh-russia\",normandy.userId]|bucketSample(0,10000,10000)&&(env.version|versionCompare(\"100.!\")>=0)&&(env.version|versionCompare(\"101.*\")<0)&&(normandy.appinfo.appBuildID >= '20220315091352')))) && ('doh-rollout.home-region'|preferenceValue == \"RU\") && ('services.settings.main.doh-config.last_check'|preferenceValue > 1633867200)","uses_only_baseline_capabilities":false},"signature":{"x5u":"https://content-signature-2.cdn.mozilla.net/chains/normandy.content-signature.mozilla.org-2024-04-09-14-36-37.chain?cachebust=2017-06-13-21-06","signature":"8dNK7jPM1PQSL3DnOwU1Wjh2He-TURe1cbDN-wWD1MDU2SjuLD_Nbw9NR1CgyVBuzmze1dG92MFG6L2pIQnTWzsyxWR_p51qE9HFnVGMdOheKGutRwK3F2YW9Cydm9_w","timestamp":"2024-02-23T00:01:04.872081Z","public_key":""},"id":"1208","last_modified":1708646469313},{"recipe":{"id":767,"name":"Pref-Flip Study: Activity Stream CFR Pinned Tabs - Treatment [Bug 1536650]","action":"preference-experiment","arguments":{"slug":"activity-stream-cfr-pinned-tabs-treatment-1536650","branches":[{"slug":"test","ratio":1,"value":"{\"id\":\"cfr\",\"enabled\":true,\"type\":\"local\",\"cohort\":\"Test\",\"localProvider\":\"CFRMessageProvider\",\"frequency\":{\"custom\":[{\"period\":\"daily\",\"cap\":1}]},\"categories\":[\"cfrAddons\",\"cfrFeatures\"]}"}],"isHighVolume":false,"preferenceName":"browser.newtabpage.activity-stream.asrouter.providers.cfr","preferenceType":"string","isEnrollmentPaused":true,"preferenceBranchType":"user","experimentDocumentUrl":"https://experimenter.services.mozilla.com/experiments/activity-stream-contextual-feature-recommender-pinned-tabs/"},"revision_id":"2566","capabilities":["action.preference-experiment","capabilities-v1","jexl.context.env.version","jexl.transform.bucketSample","jexl.transform.versionCompare"],"filter_expression":"(normandy.locale in [\"en-US\"]) && (normandy.channel in [\"release\"]) && ((env.version|versionCompare(\"67.!\")>=0)&&(env.version|versionCompare(\"67.*\")<0)) && ([\"global-v1\",normandy.userId]|bucketSample(35,35,10000))","uses_only_baseline_capabilities":false},"signature":{"x5u":"https://content-signature-2.cdn.mozilla.net/chains/normandy.content-signature.mozilla.org-2024-04-09-14-36-37.chain?cachebust=2017-06-13-21-06","signature":"mpbrf6u9TXRjUvRPOqKnIeAK3ElWRS5o8csogJ7-BQ7w2stWQSjNFmUpq-_dNDK5laiOOXSnvR3SDgHF2l1FFfDaFmsziX38UPKkDaXxnpBQQNHnX0nWFLKxJ8HEtExc","timestamp":"2024-02-23T00:01:07.508160Z","public_key":""},"id":"767","last_modified":1708646469310},{"recipe":{"id":721,"name":"Hotfix: Office 365 Legacy Keycode And Charcode","action":"preference-experiment","arguments":{"slug":"hotfix-office365-legacy-keycode-and-charcode","branches":[{"slug":"default","ratio":1,"value":"powerpoint.officeapps.live.com"}],"isHighVolume":true,"preferenceName":"dom.keyboardevent.keypress.hack.use_legacy_keycode_and_charcode","preferenceType":"string","isEnrollmentPaused":false,"preferenceBranchType":"default","experimentDocumentUrl":"https://bugzilla.mozilla.org/show_bug.cgi?id=1536453"},"revision_id":"2336","capabilities":["action.preference-experiment","capabilities-v1","jexl.context.env.version","jexl.transform.versionCompare"],"filter_expression":"(normandy.channel in [\"release\"]) && ((env.version|versionCompare(\"66.!\")>=0)&&(env.version|versionCompare(\"66.*\")<0)) && (normandy.version < \"66.0.2\")","uses_only_baseline_capabilities":false},"signature":{"x5u":"https://content-signature-2.cdn.mozilla.net/chains/normandy.content-signature.mozilla.org-2024-04-09-14-36-37.chain?cachebust=2017-06-13-21-06","signature":"sv5HaOWfCySseGjWva3liL8pPeYE6oFaItQ9V763geMw10rWFzgwMMjaGJaqsSRWHePERi0eKM-dEm3rdIJTeBVrY_pM03NZlCfxwnDhElTA0VtlhnLFuYxLl1UrvLuR","timestamp":"2024-02-23T00:01:07.688090Z","public_key":""},"id":"721","last_modified":1708646469307},{"recipe":{"id":690,"name":"Pref Flip: Geolocation OS API for <=60, Mac [bug 1527748]","action":"preference-experiment","arguments":{"slug":"pref-rollout-geolocation-os-api-lte-60-mac-1527748","branches":[{"slug":"rollout","ratio":1,"value":true}],"isHighVolume":true,"preferenceName":"geo.provider.use_corelocation","preferenceType":"boolean","isEnrollmentPaused":false,"preferenceBranchType":"default","experimentDocumentUrl":"https://bugzilla.mozilla.org/show_bug.cgi?id=1527748"},"revision_id":"2208","capabilities":["action.preference-experiment","jexl.transform.stableSample"],"filter_expression":"([normandy.recipe.id,normandy.userId]|stableSample(1)) && (normandy.telemetry.main.environment.system.os.name == \"Darwin\"\n&& normandy.version < \"61.\")","uses_only_baseline_capabilities":true},"signature":{"x5u":"https://content-signature-2.cdn.mozilla.net/chains/normandy.content-signature.mozilla.org-2024-04-09-14-36-37.chain?cachebust=2017-06-13-21-06","signature":"wG11kUsDVD_vXJgXFcPHsu5rL7luIa4eLIZ0g5ZRn5Jkv3rjOoVOU0r899MnKhQ34B-EgTvOUlcL3YhJNPo1OimH3-5CoNZjepodDh53uVlwl18taRQemx8LGMs2s_6c","timestamp":"2024-02-23T00:01:08.403173Z","public_key":""},"id":"690","last_modified":1708646469304},{"recipe":{"id":661,"name":"Pref Rollback: CFR Addon Recommendation in 64 Release [Bug 1512212]","action":"preference-rollback","arguments":{"rolloutSlug":"pref-rollout-activity-stream-cfr-64-release-1512212"},"revision_id":"2105","capabilities":["action.preference-rollback","capabilities-v1","jexl.context.env.version","jexl.transform.stableSample","jexl.transform.versionCompare"],"filter_expression":"(normandy.channel in [\"release\"]) && ((env.version|versionCompare(\"64.!\")>=0)&&(env.version|versionCompare(\"64.*\")<0)) && ([660,normandy.userId]|stableSample(0.01))","uses_only_baseline_capabilities":false},"signature":{"x5u":"https://content-signature-2.cdn.mozilla.net/chains/normandy.content-signature.mozilla.org-2024-04-09-14-36-37.chain?cachebust=2017-06-13-21-06","signature":"hUHq6XU-xIaI2AsKQlrzh32M_2JqYR0fy8r2pGntRTFcVcL14XLo1uoio6st9TLLEt-u9-2-WOcV0o1iIbSJQ9jxp6LMIcfCgWbLDL0kMVtCNpkXdS9rY4NH9hUa7zrE","timestamp":"2024-02-23T00:01:08.807410Z","public_key":""},"id":"661","last_modified":1708646469300},{"recipe":{"id":259,"name":"Opt-out - Pioneer Enrollment Study (Bug 1382761)","action":"opt-out-study","arguments":{"name":"Pioneer Enrollment","addonUrl":"https://net-mozaws-prod-us-west-2-normandy.s3.amazonaws.com/extensions/pioneer-enrollment-study%40mozilla.org-2.0.4-signed.xpi","description":"Add-on to prompt about enrolling in pioneer: https://support.mozilla.org/en-US/kb/about-firefox-pioneer\n\nThis add-on will auto-uninstall if you decline to participate.","extensionApiId":31,"isEnrollmentPaused":true},"revision_id":"1652","capabilities":["action.opt-out-study"],"filter_expression":"(\n    (\n        (\n            normandy.country == 'US'\n            && [normandy.userId]|bucketSample((normandy.request_time // (7*24*60*60*1000)), 1, 500)\n        ) || (\n            normandy.locale in ['en-US', 'en-AU', 'en-CA', 'en-GB', 'en-NZ', 'en-ZA'] \n            && [normandy.userId]|bucketSample((normandy.request_time // (7*24*60*60*1000)), 1, 100)\n        )\n    )  \n    && !normandy.isFirstRun\n    && normandy.version >=  '57.0'\n    && normandy.channel == 'release'\n)","uses_only_baseline_capabilities":true},"signature":{"x5u":"https://content-signature-2.cdn.mozilla.net/chains/normandy.content-signature.mozilla.org-2024-04-09-14-36-37.chain?cachebust=2017-06-13-21-06","signature":"VrP_deoyN0K3HXLMJbFiSK1nNyNQD1R_iyIYKkB8x8djxeBOJLDhX8B4Nyhn1sa6G06mX5LASNUZja7zqC48JkNgHc9VbWIeIu2znITwY0ft0gMhSbKpJoK3htFlwmkm","timestamp":"2024-02-23T00:01:08.990444Z","public_key":""},"id":"259","last_modified":1708646469297},{"recipe":{"id":839,"name":"pref-rollout-activity-stream-pkt-new-tab-release69-layout-1577008","action":"preference-rollout","arguments":{"slug":"pref-rollout-activity-stream-pkt-new-tab-release69-layout-1577008","preferences":[{"value":true,"preferenceName":"browser.newtabpage.activity-stream.discoverystream.enabled"}]},"revision_id":"2717","capabilities":["action.preference-rollout","capabilities-v1","jexl.context.env.version","jexl.transform.bucketSample","jexl.transform.versionCompare"],"filter_expression":"(normandy.locale in [\"en-US\"]) && (normandy.country in [\"US\"]) && (normandy.channel in [\"release\"]) && ((env.version|versionCompare(\"69.!\")>=0)&&(env.version|versionCompare(\"69.*\")<0)) && ([729,normandy.userId]|bucketSample(639,940,1000))","uses_only_baseline_capabilities":false},"signature":{"x5u":"https://content-signature-2.cdn.mozilla.net/chains/normandy.content-signature.mozilla.org-2024-04-09-14-36-37.chain?cachebust=2017-06-13-21-06","signature":"ebI0EcM6nBSDG5jjouZmsUwCGbCKIQxnu0l-Ev4RkdcyCQ5aGmLHNEJw9BoHfA6YHzpCXQKrBfcZ3Tid8Yj3cDo2JCOwNKEW1Iby3FkIFbbBtHoC4V9cBxElAJMQb1-k","timestamp":"2024-02-23T00:01:06.962399Z","public_key":""},"id":"839","last_modified":1708646469294},{"recipe":{"id":786,"name":"Preference Rollout: [Trailhead] ETP to new users [Bug 1547192]","action":"preference-rollout","arguments":{"slug":"rollout-etp-new-users-trailhead-1547192","preferences":[{"value":4,"preferenceName":"network.cookie.cookieBehavior"}]},"revision_id":"2698","capabilities":["action.preference-rollout","capabilities-v1","jexl.context.env.version","jexl.transform.bucketSample","jexl.transform.versionCompare"],"filter_expression":"(normandy.channel in [\"release\"]) && ((env.version|versionCompare(\"67.!\")>=0)&&(env.version|versionCompare(\"68.*\")<0)) && ([\"trailhead\",normandy.userId]|bucketSample(0,1000,1000)) && ((!normandy.telemetry.main || normandy.telemetry.main.environment.profile.creationDate > 18044))","uses_only_baseline_capabilities":false},"signature":{"x5u":"https://content-signature-2.cdn.mozilla.net/chains/normandy.content-signature.mozilla.org-2024-04-09-14-36-37.chain?cachebust=2017-06-13-21-06","signature":"d_jKTYBkL8zW5y2vcOw5DGT0kUEa_jkdy_pLixr2LfGFW1rfsYqa8ukG8kF5lymtydW3VHBBnq9y5gNaAvY37K6XtdU4QE7zHLZha9VlyLTqvAaHmGO6l28u5kttvhVm","timestamp":"2024-02-23T00:01:07.332429Z","public_key":""},"id":"786","last_modified":1708646469291},{"recipe":{"id":918,"name":"Protection Report Mobile Callout","action":"preference-rollout","arguments":{"slug":"pref-protection-report-mobile-callout-release-75-80-bug-1619447","preferences":[{"value":true,"preferenceName":"browser.contentblocking.report.show_mobile_app"}]},"revision_id":"2962","capabilities":["action.preference-rollout","capabilities-v1","jexl.context.env.version","jexl.transform.versionCompare"],"filter_expression":"(normandy.channel in [\"beta\",\"release\"]) && ((env.version|versionCompare(\"75.!\")>=0)&&(env.version|versionCompare(\"80.*\")<0)) && (normandy.recipe.arguments.slug in \"app.normandy.testing-for-recipe\"|preferenceValue)","uses_only_baseline_capabilities":false},"signature":{"x5u":"https://content-signature-2.cdn.mozilla.net/chains/normandy.content-signature.mozilla.org-2024-04-09-14-36-37.chain?cachebust=2017-06-13-21-06","signature":"OWDg20qm8skVgfH4wP03_-8IAU5aUJvEoJPIrU-YeKG_IPgMJJJrHOPjussQjWtRlA26QVzc9oR2CDb6WJp8uee4Xoq9IlO4DH_2375x3ueYA-9u0hFjVJK-1exHO9NN","timestamp":"2024-02-23T00:01:06.785421Z","public_key":""},"id":"918","last_modified":1708646469288},{"recipe":{"id":917,"name":"DoH US Staged Rollout to All US Desktop Users","action":"preference-rollout","arguments":{"slug":"rollout-doh-us-staged-rollout-to-all-us-desktop-users-release-73-77-bug-1586331","preferences":[{"value":true,"preferenceName":"doh-rollout.enabled"},{"value":"1896163212345","preferenceName":"doh-rollout.profileCreationThreshold"}]},"revision_id":"3589","capabilities":["action.preference-rollout","capabilities-v1","jexl.context.env.version","jexl.transform.bucketSample","jexl.transform.versionCompare"],"filter_expression":"(normandy.country in [\"US\"]) && (normandy.channel in [\"release\"]) && ([\"doh-rollout\",normandy.userId]|bucketSample(0,9900,10000)) && ((env.version|versionCompare(\"76.!\")>=0)&&(env.version|versionCompare(\"91.*\")<0))","uses_only_baseline_capabilities":false},"signature":{"x5u":"https://content-signature-2.cdn.mozilla.net/chains/normandy.content-signature.mozilla.org-2024-04-09-14-36-37.chain?cachebust=2017-06-13-21-06","signature":"4wuxiozr1o5U3-Hs3FqaodrHBixxv0jyCf8eKfUkkBSlmnaVs1tbc3K7dNc3iyxYIg5DFobw0-t-UjXSHRDV-8rJovHP8I43wMwmYA3BmDdHpyg92L2dX692M1pGR_0P","timestamp":"2024-02-23T00:01:06.030412Z","public_key":""},"id":"917","last_modified":1708646469285},{"recipe":{"id":1147,"name":"HTTP/3 Support","action":"preference-rollout","arguments":{"slug":"bug-1703186-rollout-http3-support-release-88-89","preferences":[{"value":true,"preferenceName":"network.http.http3.enabled"},{"value":false,"preferenceName":"network.http.http3.enable_0rtt"}]},"revision_id":"3629","capabilities":["action.preference-rollout","capabilities-v1","jexl.context.env.version","jexl.transform.bucketSample","jexl.transform.versionCompare"],"filter_expression":"(normandy.channel in [\"release\"]) && ((env.version|versionCompare(\"88.!\")>=0)&&(env.version|versionCompare(\"89.*\")<0)) && ([\"http3-support-rollout\",normandy.userId]|bucketSample(0,10000,10000))","uses_only_baseline_capabilities":false},"signature":{"x5u":"https://content-signature-2.cdn.mozilla.net/chains/normandy.content-signature.mozilla.org-2024-04-09-14-36-37.chain?cachebust=2017-06-13-21-06","signature":"McZKEeGxQ9DnMus9ikLwFrcWpjlNVQU-dWnbmZp2yegkOvQpwQf5aZualYHpmZwhlrWySccgRNr7ThGxcUG-neVOkZzRTM5yFY0BLij8yzH2drErDS1h36_kMC9UXcW8","timestamp":"2024-02-23T00:01:05.824042Z","public_key":""},"id":"1147","last_modified":1708646469282},{"recipe":{"id":1080,"name":"Rollback Tracker Cookie Purging (1025)","action":"preference-rollback","arguments":{"rolloutSlug":"bug-1653900-rollout-tracker-cookie-purging-release-79-82"},"revision_id":"3410","capabilities":["action.preference-rollback","capabilities-v1","jexl.context.env.version","jexl.transform.versionCompare"],"filter_expression":"(env.version|versionCompare(\"79.!\")>=0)&&(env.version|versionCompare(\"84.*\")<0)","uses_only_baseline_capabilities":false},"signature":{"x5u":"https://content-signature-2.cdn.mozilla.net/chains/normandy.content-signature.mozilla.org-2024-04-09-14-36-37.chain?cachebust=2017-06-13-21-06","signature":"cTNUdsQdTH94ECEbhK4B2WyhJZj64Jt2JbufJXW9YrdVVg7jHQrnm1KTi1NdOEIllnoQ7Mzxy87XNXCJowTFLU6jEtSPZQ1xL6qUYildvhyNKFMeqmiK5PFvDZE3qLbR","timestamp":"2024-02-23T00:01:06.229139Z","public_key":""},"id":"1080","last_modified":1708646469278},{"recipe":{"id":1014,"name":"Blocklist v3 (Beta Rollback)","action":"preference-rollback","arguments":{"rolloutSlug":"bug-1630682-rollout-blocklist-v3-beta-rollout-beta-78-78"},"revision_id":"3221","capabilities":["action.preference-rollback","capabilities-v1","jexl.context.env.version","jexl.transform.bucketSample","jexl.transform.versionCompare"],"filter_expression":"(normandy.channel in [\"beta\"]) && ((env.version|versionCompare(\"78.!\")>=0)&&(env.version|versionCompare(\"78.*\")<0)) && ([normandy.userId,\"blocklist-v3-beta\"]|bucketSample(0,2500,10000))","uses_only_baseline_capabilities":false},"signature":{"x5u":"https://content-signature-2.cdn.mozilla.net/chains/normandy.content-signature.mozilla.org-2024-04-09-14-36-37.chain?cachebust=2017-06-13-21-06","signature":"PiNdnEFdYIr-RINoHVgah9Nc9lHlx3QpltMkDrKkjdjguuSQ1LfItxhSEnRv6Zf1hCKPbH-Iu1NeoQ97HVzie3TnhZGhY52ScHgvcl28ogr2eUHkd45Y4eKgxGV295q3","timestamp":"2024-02-23T00:01:06.604766Z","public_key":""},"id":"1014","last_modified":1708646469275},{"recipe":{"id":1072,"name":"Rollback SameSite lax change (1006)","action":"preference-rollback","arguments":{"rolloutSlug":"bug-1622091-rollout-beta-rollout-of-samesite-lax-change-beta-79-81"},"revision_id":"3388","capabilities":["action.preference-rollback"],"filter_expression":"normandy.channel in [\"beta\"]","uses_only_baseline_capabilities":true},"signature":{"x5u":"https://content-signature-2.cdn.mozilla.net/chains/normandy.content-signature.mozilla.org-2024-04-09-14-36-37.chain?cachebust=2017-06-13-21-06","signature":"KZIH1pLjC35LJ1EcYRGgNJ9Cmqy5CjS3q95WvKuDV0rfhSDygPMIEfaBXju_-F2GYNPWv9wLKI-1rdhBF1HC0Q8wtg1dauyhcg_hZJ-0X-wDiIhiPm7-nSS3RIzwq3jj","timestamp":"2024-02-23T00:01:06.416634Z","public_key":""},"id":"1072","last_modified":1708646469272},{"recipe":{"id":1161,"name":"DoH Canada Rollout - Nightly","action":"preference-rollout","arguments":{"slug":"bug-1719588-rollout-doh-canada-rollout-nightly-nightly-92-99","preferences":[{"value":true,"preferenceName":"doh-rollout.ca.enabled"}]},"revision_id":"3647","capabilities":["action.preference-rollout","capabilities-v1","jexl.context.env.version","jexl.transform.bucketSample","jexl.transform.preferenceValue","jexl.transform.versionCompare"],"filter_expression":"(normandy.channel in [\"nightly\"]) && ((env.version|versionCompare(\"92.!\")>=0)&&(env.version|versionCompare(\"99.*\")<0)) && ([normandy.userId,\"doh-can-rollout\"]|bucketSample(0,10000,10000)) && ('doh-rollout.home-region'|preferenceValue == \"CA\") && ('services.settings.main.doh-config.last_check'|preferenceValue > 1625820428)","uses_only_baseline_capabilities":false},"signature":{"x5u":"https://content-signature-2.cdn.mozilla.net/chains/normandy.content-signature.mozilla.org-2024-04-09-14-36-37.chain?cachebust=2017-06-13-21-06","signature":"Ju2PNfHM9x5DfApOKojorUX7zfIoB6pZPtEh8l_BBBNjhBMtybxwcT4971ZcV0ojSWYODNF4QNHww2N8GyCvHfxOF6TXuRdfo2EHOQCFUitGdn9zFRwnKfe79eV07rDw","timestamp":"2024-02-23T00:01:05.630186Z","public_key":""},"id":"1161","last_modified":1708646469268},{"recipe":{"id":1209,"name":"Initial rollout of TCP","action":"preference-rollout","arguments":{"slug":"bug-1759000-rollout-initial-rollout-of-tcp-release-91-99","preferences":[{"value":5,"preferenceName":"network.cookie.cookieBehavior"}]},"revision_id":"3794","capabilities":["action.preference-rollout","capabilities-v1","jexl.context.env.version","jexl.transform.bucketSample","jexl.transform.versionCompare"],"filter_expression":"(normandy.country in [\"RU\",\"UA\"]) && (((normandy.channel in [\"release\"]&&[\"tcp-east-eu-rollout\",normandy.userId]|bucketSample(0,10000,10000)&&(env.version|versionCompare(\"91.!\")>=0)&&(env.version|versionCompare(\"120.*\")<0))||(normandy.channel in [\"beta\"]&&[\"tcp-east-eu-rollout\",normandy.userId]|bucketSample(0,10000,10000)&&(env.version|versionCompare(\"99.!\")>=0)&&(env.version|versionCompare(\"120.*\")<0))))","uses_only_baseline_capabilities":false},"signature":{"x5u":"https://content-signature-2.cdn.mozilla.net/chains/normandy.content-signature.mozilla.org-2024-04-09-14-36-37.chain?cachebust=2017-06-13-21-06","signature":"XAdgXpmmHODz1m9KFjgYf4qQ6l6dXkJo1tRhoLBnGW6vgC1Lh2--cTGYobjEs-P8CR_qiaNTWjBSRIbL1KI4gApBQtmbkpDaUTJyWXwIsxrwF1Lee4PlSvWMPMcM4z8Q","timestamp":"2024-02-23T00:01:05.439816Z","public_key":""},"id":"1209","last_modified":1708646469264},{"recipe":{"id":1236,"name":"Heartbeat: Daily Viewpoint Survey (en)","action":"show-heartbeat","arguments":{"message":"Please help make Firefox better by taking this short survey","surveyId":"hb-dvs-en","learnMoreUrl":"https://support.mozilla.org/kb/rate-your-firefox-experience-heartbeat","repeatOption":"once","postAnswerUrl":"https://qsurvey.mozilla.com/s3/vp2023EN","thanksMessage":"Thanks","learnMoreMessage":"Learn more","includeTelemetryUUID":true,"engagementButtonLabel":"Take survey"},"revision_id":"4031","capabilities":["action.show-heartbeat"],"filter_expression":"(normandy.channel in [\"release\"]) && (normandy.locale in [\"en-AU\",\"en-GB\",\"en-CA\",\"en-NZ\",\"en-ZA\",\"en-US\"]) && (['rolling-viewpoint', normandy.userId]|bucketSample(19468 + normandy.request_time / (24*60*60*1000) + 7, 7, 7000))","uses_only_baseline_capabilities":true},"signature":{"x5u":"https://content-signature-2.cdn.mozilla.net/chains/normandy.content-signature.mozilla.org-2024-04-09-14-36-37.chain?cachebust=2017-06-13-21-06","signature":"I0mew38xwysFGGnNg7EktYJNXsUvvGadZWAjkN69YK0V7BsiCjFQhSoW8EHUVOsfI0IGqjzHO3GPqrpT7bf84mmOCKn8Svw5u907fRD-9VgKmPZU4WiT9gWjKNJaVGv8","timestamp":"2024-02-23T00:01:03.864093Z","public_key":""},"id":"1236","last_modified":1708646469261},{"recipe":{"id":1266,"name":"Tweetdeck web compatibility 2 Rollback","action":"preference-rollback","arguments":{"rolloutSlug":"bug-1821419-rollout-tweetdeck-web-compatibility-2-release-110-110"},"revision_id":"3934","capabilities":["action.preference-rollback","capabilities-v1","jexl.context.env.version","jexl.transform.bucketSample","jexl.transform.versionCompare"],"filter_expression":"([\"tweetdeck-web-compat\",normandy.userId]|bucketSample(0,10000,10000)) && ((((env.version|versionCompare(\"111.!\")>=0)&&(env.version|versionCompare(\"116.*\")<0)&&normandy.channel in [\"release\"])||((env.version|versionCompare(\"102.9\")>=0)&&(env.version|versionCompare(\"115.6\")<0)&&normandy.channel in [\"esr\"])))","uses_only_baseline_capabilities":false},"signature":{"x5u":"https://content-signature-2.cdn.mozilla.net/chains/normandy.content-signature.mozilla.org-2024-04-09-14-36-37.chain?cachebust=2017-06-13-21-06","signature":"boQkiTIhXv4xZP1kY9-XeUNTmzpeCACpiOF2PiVY6sUC5HDbVi__93KTLD_Cx8KXnww_Os9Q7PtHD5NS2RBM-3crkpTIOw-BCtD3V7Or4LA1yBNQeb3ggGigv_YS9Pvh","timestamp":"2024-02-23T00:01:04.276455Z","public_key":""},"id":"1266","last_modified":1708646469258},{"recipe":{"id":875,"name":"DoH US Engagement Study V2 - Add-on helper","action":"branched-addon-study","arguments":{"slug":"pref-doh-us-engagement-study-v2-helper-1590831","branches":[{"slug":"helper","ratio":1,"extensionApiId":105}],"userFacingName":"DNS over HTTPS US Rollout","isEnrollmentPaused":false,"userFacingDescription":"Helps maintain the integrity of the DNS over HTTPS Rollout"},"revision_id":"2879","capabilities":["action.branched-addon-study","capabilities-v1","jexl.context.env.version","jexl.transform.bucketSample","jexl.transform.versionCompare"],"filter_expression":"(normandy.locale in [\"en-GB\",\"en-CA\",\"en-US\"]) && (normandy.channel in [\"release\"]) && ((env.version|versionCompare(\"70.!\")>=0)&&(env.version|versionCompare(\"71.*\")<0)) && ([\"doh-rollout\",normandy.userId]|bucketSample(0,200,10000)) && ((\n    \"browser.search.region\"|preferenceValue == \"US\"\n    && normandy.os.isWindows\n    && \"devtools.policy.disabled\"|preferenceValue != true\n    && \"datareporting.policy.dataSubmissionEnabled\"|preferenceValue != false\n    && \"identity.fxaccounts.enabled\"|preferenceValue != false\n)\n|| normandy.addons[\"doh-rollout@mozilla.org\"].isActive\n|| \"doh-rollout.enabled\"|preferenceValue)","uses_only_baseline_capabilities":false},"signature":{"x5u":"https://content-signature-2.cdn.mozilla.net/chains/normandy.content-signature.mozilla.org-2024-04-09-14-36-37.chain?cachebust=2017-06-13-21-06","signature":"NWoIWzlL12HWwcWhqpuJccx2jLPAhtdwIu-rgCKvgzlEtHe383aQYFtzF-ryBa3TQGCIFLbI3UEQgIwOek5bh7fPpRZ5KNMh8L58pVUci3vc7slbF8xxg1ou5_NJ6Rl1","timestamp":"2024-02-23T00:01:07.138840Z","public_key":""},"id":"875","last_modified":1708646469255},{"recipe":{"id":1197,"name":"DoH steering in Canada Staggered starting for Nightly, Beta, and Release","action":"preference-rollout","arguments":{"slug":"bug-1750601-rollout-doh-steering-in-canada-staggered-starting-for-release-97-98","preferences":[{"value":true,"preferenceName":"doh-rollout.ca.provider-steering.enabled"},{"value":"[{ \"id\": \"shaw-ca\", \"canonicalName\": \"dns.shaw.ca\", \"uri\": \"https://dns.shaw.ca/dns-query\"}]","preferenceName":"doh-rollout.ca.provider-steering.provider-list"}]},"revision_id":"3795","capabilities":["action.preference-rollout","capabilities-v1","jexl.context.env.version","jexl.transform.bucketSample","jexl.transform.preferenceValue","jexl.transform.versionCompare"],"filter_expression":"('doh-rollout.home-region'|preferenceValue == \"CA\") && ('services.settings.main.doh-config.last_check'|preferenceValue > 1633867200) && (((normandy.channel in [\"release\"]&&[\"doh-steering-canada\",normandy.userId]|bucketSample(0,10000,10000)&&(env.version|versionCompare(\"97.!\")>=0)&&(env.version|versionCompare(\"98.*\")<0))||(normandy.channel in [\"beta\"]&&[\"doh-steering-canada\",normandy.userId]|bucketSample(0,10000,10000)&&(env.version|versionCompare(\"97.!\")>=0)&&(env.version|versionCompare(\"99.05b\")<0))||(normandy.channel in [\"nightly\"]&&[\"doh-steering-canada\",normandy.userId]|bucketSample(0,10000,10000)&&(env.version|versionCompare(\"98.!\")>=0)&&(env.version|versionCompare(\"99.*\")<0))))","uses_only_baseline_capabilities":false},"signature":{"x5u":"https://content-signature-2.cdn.mozilla.net/chains/normandy.content-signature.mozilla.org-2024-04-09-14-36-37.chain?cachebust=2017-06-13-21-06","signature":"U5Le5Er1OPNMxNu1cANwuQJayUjPZmcGZ4HC4hauxW4Gb8q8lnzDtvOovH4rbBxPC9KjcN_knato2sPpL0vYGtkoT571ykAXxtRWLroRZsWpfebQoUX0WZiAAR2wt8kD","timestamp":"2024-02-23T00:01:05.247819Z","public_key":""},"id":"1197","last_modified":1708646469251},{"recipe":{"id":691,"name":"Pref Flip: Geolocation OS API for <=60, Linux [bug 1527748]","action":"preference-experiment","arguments":{"slug":"pref-rollout-geolocation-os-api-lte-60-linux-1527748","branches":[{"slug":"rollout","ratio":1,"value":true}],"isHighVolume":true,"preferenceName":"geo.provider.use_gpsd","preferenceType":"boolean","isEnrollmentPaused":false,"preferenceBranchType":"default","experimentDocumentUrl":"https://bugzilla.mozilla.org/show_bug.cgi?id=1527748"},"revision_id":"2205","capabilities":["action.preference-experiment","jexl.transform.stableSample"],"filter_expression":"([normandy.recipe.id,normandy.userId]|stableSample(1)) && (normandy.telemetry.main.environment.system.os.name == \"Linux\"\n&& normandy.version < \"61.\")","uses_only_baseline_capabilities":true},"signature":{"x5u":"https://content-signature-2.cdn.mozilla.net/chains/normandy.content-signature.mozilla.org-2024-04-09-14-36-37.chain?cachebust=2017-06-13-21-06","signature":"IXKwO__e1XMw75CAQ08EpGHuAJMEj5OVmOrIlcQfF5ng_UnZ2kv7ITdtCsCCrTh3O9UAinWmCtsRnh85MDo-zZtqvjMhyBmmPsEjOJLSrF3b8pFCbZ8EWS1Au6wiUNEi","timestamp":"2024-02-23T00:01:08.210865Z","public_key":""},"id":"691","last_modified":1708646469248},{"recipe":{"id":689,"name":"Pref Flip: Geolocation OS API for <=60, Windows [bug 1527748]","action":"preference-experiment","arguments":{"slug":"pref-rollout-geolocation-os-api-lte-60-windows-1527748","branches":[{"slug":"rollout","ratio":1,"value":true}],"isHighVolume":true,"preferenceName":"geo.provider.ms-windows-location","preferenceType":"boolean","isEnrollmentPaused":false,"preferenceBranchType":"default","experimentDocumentUrl":"https://bugzilla.mozilla.org/show_bug.cgi?id=1527748"},"revision_id":"2207","capabilities":["action.preference-experiment","jexl.transform.stableSample"],"filter_expression":"([normandy.recipe.id,normandy.userId]|stableSample(1)) && (normandy.telemetry.main.environment.system.os.name == \"Windows_NT\"\n&& normandy.version < \"61.\")","uses_only_baseline_capabilities":true},"signature":{"x5u":"https://content-signature-2.cdn.mozilla.net/chains/normandy.content-signature.mozilla.org-2024-04-09-14-36-37.chain?cachebust=2017-06-13-21-06","signature":"RLncI1PQjQbGuYJiStEu-nrCAiKytTImks7bCbwy10NNgZYaYPQtRNOXbXydorqgsjptCKzwsMGxlmLhvjBwzNLaOKPHA9ew2z78BaFWM_GyftjvuIiBzMJlLVG8pGpi","timestamp":"2024-02-23T00:01:08.573300Z","public_key":""},"id":"689","last_modified":1708646469245},{"recipe":{"id":1235,"name":"Heartbeat: Daily Viewpoint Survey (zh-TW)","action":"show-heartbeat","arguments":{"message":"\u8ACB\u586B\u5BEB\u9019\u4EFD\u7C21\u77ED\u554F\u5377\uFF0C\u5E6B\u52A9 Firefox \u8B8A\u5F97\u66F4\u597D","surveyId":"hb-dvs-zhtw","learnMoreUrl":"https://support.mozilla.org/kb/rate-your-firefox-experience-heartbeat","repeatOption":"once","postAnswerUrl":"https://qsurvey.mozilla.com/s3/vp2023ZHTW","thanksMessage":"\u611F\u8B1D","learnMoreMessage":"\u4E86\u89E3\u66F4\u591A\u8CC7\u8A0A","includeTelemetryUUID":true,"engagementButtonLabel":"\u586B\u5BEB\u554F\u5377"},"revision_id":"4042","capabilities":["action.show-heartbeat"],"filter_expression":"(normandy.channel in [\"release\"]) && (normandy.locale in [\"zh-TW\"]) && (['rolling-viewpoint', normandy.userId]|bucketSample(19468 + normandy.request_time / (24*60*60*1000) + 7, 7, 7000))","uses_only_baseline_capabilities":true},"signature":{"x5u":"https://content-signature-2.cdn.mozilla.net/chains/normandy.content-signature.mozilla.org-2024-04-09-14-36-37.chain?cachebust=2017-06-13-21-06","signature":"JxoBu0IYOevn0iJ64RKjrjD117YoiAgFdYGS-twwNAWER23oUuMG4mrDDMPMb2QD4rlq28dd0MkbOq4BtOo4qkjPfZ0pg9VpKtPx8ODEUOlLX0KAL45kiY2IDCQOIosr","timestamp":"2024-02-23T00:01:03.423989Z","public_key":""},"id":"1235","last_modified":1708646469241},{"recipe":{"id":1232,"name":"Heartbeat: Daily Viewpoint Survey (pt-BR)","action":"show-heartbeat","arguments":{"message":"Ajude a tornar o Firefox cada vez melhor participando desta breve pesquisa","surveyId":"hb-dvs-ptbr","learnMoreUrl":"https://support.mozilla.org/kb/rate-your-firefox-experience-heartbeat","repeatOption":"once","postAnswerUrl":"https://qsurvey.mozilla.com/s3/vp2023PTBR","thanksMessage":"Obrigado","learnMoreMessage":"Saiba mais","includeTelemetryUUID":true,"engagementButtonLabel":"Participe da pesquisa"},"revision_id":"4034","capabilities":["action.show-heartbeat"],"filter_expression":"(normandy.channel in [\"release\"]) && (normandy.locale in [\"pt-BR\"]) && (['rolling-viewpoint', normandy.userId]|bucketSample(19468 + normandy.request_time / (24*60*60*1000) + 7, 7, 7000))","uses_only_baseline_capabilities":true},"signature":{"x5u":"https://content-signature-2.cdn.mozilla.net/chains/normandy.content-signature.mozilla.org-2024-04-09-14-36-37.chain?cachebust=2017-06-13-21-06","signature":"yqEePlwOzkENfpdPVBncMBKqVRZBdN5Ccj7t8Nip6e5YQ1jVVcEjZ5ffhA72jhOja-eiE_DpFawdqqCHQZnSUxS10qI8HeCAjsA3kmW_1aEGkdSvE_MY0Ugh8fGgeh2w","timestamp":"2024-02-22T00:01:03.830538Z","public_key":""},"id":"1232","last_modified":1708560064307},{"recipe":{"id":1226,"name":"Heartbeat: Daily Viewpoint Survey (fr)","action":"show-heartbeat","arguments":{"message":"Aidez-nous \u00E0 am\u00E9liorer Firefox en remplissant ce court questionnaire","surveyId":"hb-dvs-fr","learnMoreUrl":"https://support.mozilla.org/kb/rate-your-firefox-experience-heartbeat","repeatOption":"once","postAnswerUrl":"https://qsurvey.mozilla.com/s3/vp2023FR","thanksMessage":"Merci","learnMoreMessage":"Pour en savoir plus","includeTelemetryUUID":true,"engagementButtonLabel":"Remplir le questionnaire"},"revision_id":"4033","capabilities":["action.show-heartbeat"],"filter_expression":"(normandy.channel in [\"release\"]) && (normandy.locale in [\"fr\"]) && (['rolling-viewpoint', normandy.userId]|bucketSample(19468 + normandy.request_time / (24*60*60*1000) + 7, 7, 7000))","uses_only_baseline_capabilities":true},"signature":{"x5u":"https://content-signature-2.cdn.mozilla.net/chains/normandy.content-signature.mozilla.org-2024-04-09-14-36-37.chain?cachebust=2017-06-13-21-06","signature":"gptxJ9rfNLkHHaCc5hpWI6y9MpAAFM5tfxpry3CV6WqsKfGWOTRA-LMZt3RmPouAPbmGgNd6QX4yVuYMrPI4rmwFZe6xr-7lyu5WDrEr-BGBnX2N9OmzXndbFrXP5Lij","timestamp":"2024-02-22T00:01:04.019256Z","public_key":""},"id":"1226","last_modified":1708560064301},{"recipe":{"id":1229,"name":"Heartbeat: Daily Viewpoint Survey (es-ES)","action":"show-heartbeat","arguments":{"message":"Por favor, ay\u00FAdanos a mejorar Firefox contestando esta breve encuesta","surveyId":"hb-dvs-esES","learnMoreUrl":"https://support.mozilla.org/kb/rate-your-firefox-experience-heartbeat","repeatOption":"once","postAnswerUrl":"https://qsurvey.mozilla.com/s3/vp2023ESES","thanksMessage":"Gracias","learnMoreMessage":"Descubre m\u00E1s","includeTelemetryUUID":true,"engagementButtonLabel":"Responder a la encuesta"},"revision_id":"4035","capabilities":["action.show-heartbeat"],"filter_expression":"(normandy.channel in [\"release\"]) && (normandy.locale in [\"es-ES\"]) && (['rolling-viewpoint', normandy.userId]|bucketSample(19468 + normandy.request_time / (24*60*60*1000) + 7, 7, 7000))","uses_only_baseline_capabilities":true},"signature":{"x5u":"https://content-signature-2.cdn.mozilla.net/chains/normandy.content-signature.mozilla.org-2024-04-09-14-36-37.chain?cachebust=2017-06-13-21-06","signature":"ybTGLkT2dnOB_bDKcw3mqCT6B_muhnwsAZcUqH8-U72oX4eycikiA11QULIYW11OcTGoQ_u5aL-Iv1wW5BFWlU5GLHcpReh6zzYB6IAKcFtBmb2wm4wUrcxoY7pRzzQc","timestamp":"2024-02-22T00:01:03.613095Z","public_key":""},"id":"1229","last_modified":1708560064296},{"recipe":{"id":1318,"name":"Heartbeat: Daily Viewpoint Survey (it)","action":"show-heartbeat","arguments":{"message":"Migliora Firefox partecipando a questo breve sondaggio","surveyId":"hb-dvs-it","learnMoreUrl":"https://support.mozilla.org/kb/rate-your-firefox-experience-heartbeat","repeatOption":"once","postAnswerUrl":"https://qsurvey.mozilla.com/s3/vp2023IT","thanksMessage":"Grazie","learnMoreMessage":"Scopri di pi\u00F9","includeTelemetryUUID":true,"engagementButtonLabel":"Participa al sondaggio"},"revision_id":"4043","capabilities":["action.show-heartbeat"],"filter_expression":"(normandy.channel in [\"release\"]) && (normandy.locale in [\"it\"]) && (['rolling-viewpoint', normandy.userId]|bucketSample(19468 + normandy.request_time / (24*60*60*1000) + 7, 7, 7000))","uses_only_baseline_capabilities":true},"signature":{"x5u":"https://content-signature-2.cdn.mozilla.net/chains/normandy.content-signature.mozilla.org-2024-04-09-14-36-37.chain?cachebust=2017-06-13-21-06","signature":"pwJX_PNjjOUHZpI7wS2K-E6ESdlVoggN5G0H3WDZTiXZjFS3sjG_HAfjQLZ6l9xug6cstrVoYiZ1MGuV_xyPaoVl4NFialXzWo03UxG0p0jB7NDfgsVlCr5n6rmhVytI","timestamp":"2024-02-22T00:01:03.383914Z","public_key":""},"id":"1318","last_modified":1708560064292},{"recipe":{"id":1372,"name":"HB: 2024 Win7/8 Device Migration (Win 10/11 ID)","action":"show-heartbeat","arguments":{"message":"Ikuti survei singkat ini agar Firefox jadi lebih baik lagi","surveyId":"2024-win78-win1011cohort-id","learnMoreUrl":"https://wiki.mozilla.org/Firefox/Shield/Heartbeat","repeatOption":"once","postAnswerUrl":"https://qsurvey.mozilla.com/s3/migration10-id?cohort=n","thanksMessage":"Trims","learnMoreMessage":"Selengkapnya","includeTelemetryUUID":true,"engagementButtonLabel":"Ikuti survei"},"revision_id":"4189","capabilities":["action.show-heartbeat","capabilities-v1","jexl.context.normandy.os","jexl.transform.bucketSample"],"filter_expression":"(normandy.channel in [\"release\"]) && ((normandy.os.windowsVersion in [10.0])) && (normandy.os.isWindows) && (normandy.country in [\"ID\"]) && (normandy.locale in [\"id\"]) && ([\"global-v6\",normandy.userId]|bucketSample(10300,1200,10000))","uses_only_baseline_capabilities":false},"signature":{"x5u":"https://content-signature-2.cdn.mozilla.net/chains/normandy.content-signature.mozilla.org-2024-04-09-14-36-37.chain?cachebust=2017-06-13-21-06","signature":"lN2ATHVVNV2d-KA7xO0UeLNKavRMLu72ug1iCWhbC439vdlPIVgr4CRnohXjcNkW4ZejSDZ93DA9Ky9GqkDzf-5Tu0bLRyHzVYno0_diPZD1lkjCrL1D1iZ2w3Gs1dp8","timestamp":"2024-02-21T19:04:11.079092Z","public_key":""},"id":"1372","last_modified":1708542251371},{"recipe":{"id":1371,"name":"HB: 2024 Win7/8 Device Migration (Win 7/8 ID)","action":"show-heartbeat","arguments":{"message":"Ikuti survei singkat ini agar Firefox jadi lebih baik lagi","surveyId":"2024-win78-win78cohort-id","learnMoreUrl":"https://wiki.mozilla.org/Firefox/Shield/Heartbeat","repeatOption":"once","postAnswerUrl":"https://qsurvey.mozilla.com/s3/winmigration-id?cohort=oesr","thanksMessage":"Trims","learnMoreMessage":"Selengkapnya","includeTelemetryUUID":true,"engagementButtonLabel":"Ikuti survei"},"revision_id":"4188","capabilities":["action.show-heartbeat","capabilities-v1","jexl.context.normandy.os","jexl.transform.bucketSample"],"filter_expression":"((normandy.os.windowsVersion in [6.1, 6.2, 6.3])) && (normandy.os.isWindows) && (normandy.country in [\"ID\"]) && (normandy.locale in [\"id\"]) && ([\"global-v6\",normandy.userId]|bucketSample(10300,2000,10000)) && (normandy.channel in [\"esr\"])","uses_only_baseline_capabilities":false},"signature":{"x5u":"https://content-signature-2.cdn.mozilla.net/chains/normandy.content-signature.mozilla.org-2024-04-09-14-36-37.chain?cachebust=2017-06-13-21-06","signature":"Api5PSt-85BVQ6hJVpHow3zAKXZJLg8oL1514g9u4qGRPC0KqIIy8owVe-PbHTETUsMYHVsyYV7gZQYYuiPGyp5ZXMjKObUcIB8NdIFwbhC2YpR6ofOeJWDMW002fseZ","timestamp":"2024-02-21T19:04:04.619893Z","public_key":""},"id":"1371","last_modified":1708542245182},{"recipe":{"id":1364,"name":"HB: 2024 Win7/8 Device Migration (Win 10/11 EN-US)","action":"show-heartbeat","arguments":{"message":"Please help make Firefox better by taking this short survey","surveyId":"2024-win78-win1011cohort-enus","learnMoreUrl":"https://wiki.mozilla.org/Firefox/Shield/Heartbeat","repeatOption":"once","postAnswerUrl":"https://qsurvey.mozilla.com/s3/migration10-us?cohort=n","thanksMessage":"Thanks","learnMoreMessage":"Learn more","includeTelemetryUUID":true,"engagementButtonLabel":"Take survey"},"revision_id":"4182","capabilities":["action.show-heartbeat","capabilities-v1","jexl.context.normandy.os","jexl.transform.bucketSample"],"filter_expression":"(normandy.channel in [\"release\"]) && (normandy.locale in [\"en-US\"]) && ((normandy.os.windowsVersion in [10.0])) && (normandy.os.isWindows) && ([\"global-v6\",normandy.userId]|bucketSample(10300,75,10000)) && (normandy.country in [\"US\"])","uses_only_baseline_capabilities":false},"signature":{"x5u":"https://content-signature-2.cdn.mozilla.net/chains/normandy.content-signature.mozilla.org-2024-04-09-14-36-37.chain?cachebust=2017-06-13-21-06","signature":"pa4B-slT-4L6pLzDLa_gKtlAbjv1cHwVDgdmPU1NyI3uah7zjtG2uwfB49rKRDWAnlSEVTcFqj1CBBxRf4E1C55nId_SpOs4iKMOL5wRoq_ShbD57iUbIcYlA5SyVMTI","timestamp":"2024-02-21T00:16:35.861358Z","public_key":""},"id":"1364","last_modified":1708474596141},{"recipe":{"id":1355,"name":"HB: 2024 Win7/8 Device Migration (Win 7/8 EN US)","action":"show-heartbeat","arguments":{"message":"Please help make Firefox better by taking this short survey","surveyId":"2024-win78-win78cohort-enus","learnMoreUrl":"https://wiki.mozilla.org/Firefox/Shield/Heartbeat","repeatOption":"once","postAnswerUrl":"https://qsurvey.mozilla.com/s3/winmigration-us?cohort=oesr","thanksMessage":"Thanks","learnMoreMessage":"Learn more","includeTelemetryUUID":true,"engagementButtonLabel":"Take survey"},"revision_id":"4158","capabilities":["action.show-heartbeat","capabilities-v1","jexl.context.normandy.os","jexl.transform.bucketSample"],"filter_expression":"(normandy.locale in [\"en-US\"]) && ((normandy.os.windowsVersion in [6.1, 6.2, 6.3])) && (normandy.os.isWindows) && ([\"global-v6\",normandy.userId]|bucketSample(10300,1500,10000)) && (normandy.country in [\"US\"]) && (normandy.channel in [\"esr\"])","uses_only_baseline_capabilities":false},"signature":{"x5u":"https://content-signature-2.cdn.mozilla.net/chains/normandy.content-signature.mozilla.org-2024-04-09-14-36-37.chain?cachebust=2017-06-13-21-06","signature":"Zz7zZTj5YxE5mRv4FmQRCNU14y8DrbBcOcb-eALFV6CYWjd1WKqyFSLVMRqfZVaVM5jYesN81aoNz8XUnu4An87kdNj4I4Q0mir7nAEWReytBetakZ-oc3qpYqKBuJvg","timestamp":"2024-02-21T00:15:50.503726Z","public_key":""},"id":"1355","last_modified":1708474550827},{"recipe":{"id":1233,"name":"Heartbeat: Daily Viewpoint Survey (ja)","action":"show-heartbeat","arguments":{"message":"\u7C21\u5358\u306A\u30A2\u30F3\u30B1\u30FC\u30C8\u306B\u7B54\u3048\u3066\u3001Firefox \u3092\u3088\u308A\u826F\u3044\u3082\u306E\u306B\u3059\u308B\u305F\u3081\u306B\u3054\u5354\u529B\u304F\u3060\u3055\u3044","surveyId":"hb-dvs-ja","learnMoreUrl":"https://support.mozilla.org/kb/rate-your-firefox-experience-heartbeat","repeatOption":"once","postAnswerUrl":"https://qsurvey.mozilla.com/s3/vp2023JA","thanksMessage":"\u3088\u308D\u3057\u304F\u304A\u9858\u3044\u3044\u305F\u3057\u307E\u3059","learnMoreMessage":"\u3082\u3063\u3068\u8A73\u3057\u304F","includeTelemetryUUID":true,"engagementButtonLabel":"\u30A2\u30F3\u30B1\u30FC\u30C8\u306B\u7B54\u3048\u308B"},"revision_id":"4037","capabilities":["action.show-heartbeat"],"filter_expression":"(normandy.channel in [\"release\"]) && (normandy.locale in [\"ja\",\"ja-JP-mac\"]) && (['rolling-viewpoint', normandy.userId]|bucketSample(19468 + normandy.request_time / (24*60*60*1000) + 7, 7, 7000))","uses_only_baseline_capabilities":true},"signature":{"x5u":"https://content-signature-2.cdn.mozilla.net/chains/normandy.content-signature.mozilla.org-2024-04-09-14-36-37.chain?cachebust=2017-06-13-21-06","signature":"b0asuLa8S211gdnEVxN4u-y1Cy4sOGvgD7mumX0cTcx31_OIk6CzOi42Lat0fAgQIguv9qPtucka4G6quVM6krh9lO_XNgLQjoHUpdeoHXED9nMMQgR2KxtZ5DAZsriY","timestamp":"2024-02-21T00:01:03.537638Z","public_key":""},"id":"1233","last_modified":1708473664099},{"recipe":{"id":1228,"name":"Heartbeat: Daily Viewpoint Survey (es)","action":"show-heartbeat","arguments":{"message":"Ay\u00FAdenos a mejorar Firefox respondiendo esta breve encuesta","surveyId":"hb-dvs-es","learnMoreUrl":"https://support.mozilla.org/kb/rate-your-firefox-experience-heartbeat","repeatOption":"once","postAnswerUrl":"https://qsurvey.mozilla.com/s3/vp2023ESLAT","thanksMessage":"Gracias","learnMoreMessage":"Descubre m\u00E1s","includeTelemetryUUID":true,"engagementButtonLabel":"Contestar la encuesta"},"revision_id":"4036","capabilities":["action.show-heartbeat"],"filter_expression":"(normandy.channel in [\"release\"]) && (normandy.locale in [\"es\",\"es-MX\"]) && (['rolling-viewpoint', normandy.userId]|bucketSample(19468 + normandy.request_time / (24*60*60*1000) + 7, 7, 7000))","uses_only_baseline_capabilities":true},"signature":{"x5u":"https://content-signature-2.cdn.mozilla.net/chains/normandy.content-signature.mozilla.org-2024-04-09-14-36-37.chain?cachebust=2017-06-13-21-06","signature":"89IUTv4MerOgvXbD3CvvokOfOK1Wi5iCX9DsPgS6zq_7EWaUWJ872r6zBYmbFwMyKA7WwqnRdnfNuV-uvBaykRTL0Df23MmbVz7FeLP4OKL76YCUQbRK3y-Xu0I-_WAU","timestamp":"2024-02-21T00:01:03.751327Z","public_key":""},"id":"1228","last_modified":1708473664095},{"recipe":{"id":1230,"name":"Heartbeat: Daily Viewpoint Survey (pl)","action":"show-heartbeat","arguments":{"message":"Pom\u00F3\u017C nam ulepszy\u0107 Firefox, bior\u0105c udzia\u0142 w tej kr\u00F3tkiej ankiecie","surveyId":"hb-dvs-pl","learnMoreUrl":"https://support.mozilla.org/kb/rate-your-firefox-experience-heartbeat","repeatOption":"once","postAnswerUrl":"https://qsurvey.mozilla.com/s3/vp2023PL","thanksMessage":"Dzi\u0119kujemy","learnMoreMessage":"Dowiedz si\u0119 wi\u0119cej","includeTelemetryUUID":true,"engagementButtonLabel":"Wype\u0142nij ankiet\u0119"},"revision_id":"4038","capabilities":["action.show-heartbeat"],"filter_expression":"(normandy.channel in [\"release\"]) && (normandy.locale in [\"pl\"]) && (['rolling-viewpoint', normandy.userId]|bucketSample(19468 + normandy.request_time / (24*60*60*1000) + 7, 7, 7000))","uses_only_baseline_capabilities":true},"signature":{"x5u":"https://content-signature-2.cdn.mozilla.net/chains/normandy.content-signature.mozilla.org-2024-03-20-10-07-02.chain?cachebust=2017-06-13-21-06","signature":"SQHp9QmB6_qo_Ox5EDUQWoR599dUY2jEfVPGWY4psbykxqxP4ryjUY-O7e9c13o0sanXcdD0WWZMD_kFG8vioGilXVklDTi8pSMrP7MEZ4NNL6BJjvGTSg5lEJgtWI7D","timestamp":"2024-02-20T00:01:03.228427Z","public_key":""},"id":"1230","last_modified":1708387263512},{"recipe":{"id":1231,"name":"Heartbeat: Daily Viewpoint Survey (pt-PT)","action":"show-heartbeat","arguments":{"message":"Ajude a melhorar o Firefox respondendo a este breve inqu\u00E9rito","surveyId":"hb-dvs-ptpt","learnMoreUrl":"https://support.mozilla.org/kb/rate-your-firefox-experience-heartbeat","repeatOption":"once","postAnswerUrl":"https://qsurvey.mozilla.com/s3/vp2023PTPT","thanksMessage":"Obrigado","learnMoreMessage":"Saber mais","includeTelemetryUUID":true,"engagementButtonLabel":"Responder ao inqu\u00E9rito"},"revision_id":"4039","capabilities":["action.show-heartbeat"],"filter_expression":"(normandy.channel in [\"release\"]) && (normandy.locale in [\"pt-PT\"]) && (['rolling-viewpoint', normandy.userId]|bucketSample(19468 + normandy.request_time / (24*60*60*1000) + 7, 7, 7000))","uses_only_baseline_capabilities":true},"signature":{"x5u":"https://content-signature-2.cdn.mozilla.net/chains/normandy.content-signature.mozilla.org-2024-03-20-10-07-02.chain?cachebust=2017-06-13-21-06","signature":"PeBrzHx1qe6HVfuG26HVepToswdC_oXtVcQgPONWkxP0RH6wFSXv6cvUJzmhB4w-5JTFY84IMkNWWjjwOQljut0yO6briksFXI15jDW2WnpYDDXoX9Vv7WV32xRU-pIE","timestamp":"2024-02-19T00:01:03.616245Z","public_key":""},"id":"1231","last_modified":1708300863896},{"recipe":{"id":1343,"name":"Page load time patch beta","action":"multi-preference-experiment","arguments":{"slug":"bug-1848779-pref-page-load-time-patch-beta-beta-117-118","branches":[{"slug":"reset-to-false","ratio":100,"preferences":{"network.http.http3.retry_different_ip_family":{"preferenceType":"boolean","preferenceValue":false,"preferenceBranchType":"default"}}}],"userFacingName":"Page load time patch beta","isEnrollmentPaused":false,"experimentDocumentUrl":"https://experimenter.services.mozilla.com/experiments/page-load-time-patch-beta/","userFacingDescription":"Reverting a preference that intermittently caused long page load times."},"revision_id":"4129","capabilities":["action.multi-preference-experiment","capabilities-v1","jexl.context.env.version","jexl.transform.bucketSample","jexl.transform.versionCompare"],"filter_expression":"(normandy.channel in [\"beta\"]) && ((env.version|versionCompare(\"117.!\")>=0)&&(env.version|versionCompare(\"118.*\")<0)) && ([\"page-load-time-patch-beta\",normandy.userId]|bucketSample(0,10000,10000))","uses_only_baseline_capabilities":false},"signature":{"x5u":"https://content-signature-2.cdn.mozilla.net/chains/normandy.content-signature.mozilla.org-2024-03-20-10-07-02.chain?cachebust=2017-06-13-21-06","signature":"5rrginY43gXpAdKeYDQSNAFIpZjINF-Lql4MyW3ZeVnXhymNfQuqGj-G4hv853q-5FI42qhj7I7Fp-tMZQpR4uhWwhVOmKr94BL-6Oh-MMps4-g4CoUtPp7pvizKnuCV","timestamp":"2024-02-18T00:01:04.187780Z","public_key":""},"id":"1343","last_modified":1708214464864},{"recipe":{"id":1234,"name":"Heartbeat: Daily Viewpoint Survey (zh-CN)","action":"show-heartbeat","arguments":{"message":"\u8BF7\u586B\u5199\u8FD9\u4EFD\u7B80\u77ED\u95EE\u5377\uFF0C\u5E2E\u52A9\u6211\u4EEC\u5B8C\u5584 Firefox","surveyId":"hb-dvs-zhcn","learnMoreUrl":"https://support.mozilla.org/kb/rate-your-firefox-experience-heartbeat","repeatOption":"once","postAnswerUrl":"https://qsurvey.mozilla.com/s3/vp2023ZHCN","thanksMessage":"\u8C22\u8C22\uFF01","learnMoreMessage":"\u8BE6\u7EC6\u4E86\u89E3","includeTelemetryUUID":true,"engagementButtonLabel":"\u586B\u5199\u95EE\u5377"},"revision_id":"4041","capabilities":["action.show-heartbeat"],"filter_expression":"(normandy.channel in [\"release\"]) && (normandy.locale in [\"zh-CN\"]) && (['rolling-viewpoint', normandy.userId]|bucketSample(19468 + normandy.request_time / (24*60*60*1000) + 7, 7, 7000))","uses_only_baseline_capabilities":true},"signature":{"x5u":"https://content-signature-2.cdn.mozilla.net/chains/normandy.content-signature.mozilla.org-2024-03-20-10-07-02.chain?cachebust=2017-06-13-21-06","signature":"H8qePX_v1CxATTAlzYqasHg8Nb9e-0kwo7_805AxH5mcR2dYlEJDHqIK_I9xFXG68Fkv4fIjkUGQeSBGXVRYqkGXw_jIn29CEtuGbOAAFR4vEPW-RhJ8WeC1az2zxWks","timestamp":"2024-02-18T00:01:04.374629Z","public_key":""},"id":"1234","last_modified":1708214464861},{"recipe":{"id":1227,"name":"Heartbeat: Daily Viewpoint Survey (ru)","action":"show-heartbeat","arguments":{"message":"\u041F\u043E\u043C\u043E\u0433\u0438\u0442\u0435 \u0441\u0434\u0435\u043B\u0430\u0442\u044C Firefox \u043B\u0443\u0447\u0448\u0435, \u043F\u0440\u0438\u043D\u044F\u0432 \u0443\u0447\u0430\u0441\u0442\u0438\u0435 \u0432 \u044D\u0442\u043E\u043C \u043A\u043E\u0440\u043E\u0442\u043A\u043E\u043C \u043E\u043F\u0440\u043E\u0441\u0435","surveyId":"hb-dvs-ru","learnMoreUrl":"https://support.mozilla.org/kb/rate-your-firefox-experience-heartbeat","repeatOption":"once","postAnswerUrl":"https://qsurvey.mozilla.com/s3/vp2023RU","thanksMessage":"\u0421\u043F\u0430\u0441\u0438\u0431\u043E","learnMoreMessage":"\u041F\u043E\u0434\u0440\u043E\u0431\u043D\u0435\u0435","includeTelemetryUUID":true,"engagementButtonLabel":"\u041F\u0440\u043E\u0439\u0442\u0438 \u043E\u043F\u0440\u043E\u0441"},"revision_id":"4040","capabilities":["action.show-heartbeat"],"filter_expression":"(normandy.channel in [\"release\"]) && (normandy.locale in [\"ru\"]) && (['rolling-viewpoint', normandy.userId]|bucketSample(19468 + normandy.request_time / (24*60*60*1000) + 7, 7, 7000))","uses_only_baseline_capabilities":true},"signature":{"x5u":"https://content-signature-2.cdn.mozilla.net/chains/normandy.content-signature.mozilla.org-2024-03-20-10-07-02.chain?cachebust=2017-06-13-21-06","signature":"Zog6C-KXX_4I02zzu9L7gyu--B-deiEve-fgsEIkN6_4SHU6pXkPIMHJ5MmpFQafjrNM4jeRMCn-fEavpBM1yLnfWZlLS7_zISGdLEApj1bnzSZVM-eBrIWnt2ROMtdz","timestamp":"2024-02-18T00:01:04.567117Z","public_key":""},"id":"1227","last_modified":1708214464857},{"recipe":{"id":1346,"name":"Page load time patch ESR","action":"multi-preference-experiment","arguments":{"slug":"bug-1849168-pref-page-load-time-patch-esr-beta-115-116","branches":[{"slug":"reset-to-false","ratio":100,"preferences":{"network.http.http3.retry_different_ip_family":{"preferenceType":"boolean","preferenceValue":false,"preferenceBranchType":"default"}}}],"userFacingName":"Page load time patch ESR","isEnrollmentPaused":false,"experimentDocumentUrl":"https://experimenter.services.mozilla.com/experiments/page-load-time-patch-esr/","userFacingDescription":"Reverting a preference that intermittently caused long page load times."},"revision_id":"4132","capabilities":["action.multi-preference-experiment","capabilities-v1","jexl.context.env.version","jexl.transform.bucketSample","jexl.transform.versionCompare"],"filter_expression":"((env.version|versionCompare(\"115.!\")>=0)&&(env.version|versionCompare(\"116.*\")<0)) && ([\"page-load-time-patch-esr\",normandy.userId]|bucketSample(0,10000,10000)) && (normandy.channel in [\"esr\"])","uses_only_baseline_capabilities":false},"signature":{"x5u":"https://content-signature-2.cdn.mozilla.net/chains/normandy.content-signature.mozilla.org-2024-03-20-10-07-02.chain?cachebust=2017-06-13-21-06","signature":"SrOvOcPdqjE3RNYyHaVh0RRKDyVA1BMOWyJTiAiX8wKg9LyotBdJTz7e2hIPa8goy2dQzJ8_QKGQ2aZ08QbXfaM_V5FxR9O_kr18tARZJI2riQ7FD50P2h7K9mAbSLco","timestamp":"2024-02-18T00:01:03.961255Z","public_key":""},"id":"1346","last_modified":1708214464853},{"recipe":{"id":1345,"name":"Page load time patch","action":"multi-preference-experiment","arguments":{"slug":"bug-1848748-pref-page-load-time-patch-release-116-117","branches":[{"slug":"reset-to-false","ratio":100,"preferences":{"network.http.http3.retry_different_ip_family":{"preferenceType":"boolean","preferenceValue":false,"preferenceBranchType":"default"}}}],"userFacingName":"Page load time patch","isEnrollmentPaused":false,"experimentDocumentUrl":"https://experimenter.services.mozilla.com/experiments/page-load-time-patch/","userFacingDescription":"Reverting a preference that intermittently caused long page load times."},"revision_id":"4130","capabilities":["action.multi-preference-experiment","capabilities-v1","jexl.context.env.version","jexl.transform.bucketSample","jexl.transform.versionCompare"],"filter_expression":"(normandy.channel in [\"release\"]) && ((env.version|versionCompare(\"116.!\")>=0)&&(env.version|versionCompare(\"117.*\")<0)) && ([\"page-load-time-patch-release\",normandy.userId]|bucketSample(0,10000,10000))","uses_only_baseline_capabilities":false},"signature":{"x5u":"https://content-signature-2.cdn.mozilla.net/chains/normandy.content-signature.mozilla.org-2024-03-20-10-07-02.chain?cachebust=2017-06-13-21-06","signature":"F2CUA43V3P2yxK9relXPi4d2GS_ITdzAE9gytMB5Gk8cShZ1xGJJ2Tz5H4N72_pYbgliBzfYXoZC7VVduPQW4_2q2NyUm9JDMmzMTYBl5DTrvsLaaIGKVYXcxzTgr_0J","timestamp":"2024-02-17T00:01:03.341133Z","public_key":""},"id":"1345","last_modified":1708128063643}]}