{"permissions":{},"data":{"schema":{"type":"object","title":"Search Engine Icons Schema","required":["engineIdentifiers","imageSize"],"properties":{"imageSize":{"type":"number","title":"Image Size","description":"The image size in pixels. May be used to choose the most appropriate image for the display."},"engineIdentifiers":{"type":"array","items":{"type":"string","pattern":"^[a-zA-Z0-9-_]*\\*?$"},"title":"Engine Identifiers","description":"An array of search engine identifiers that the attached icon is for. If an individual entry is suffixed with a star, matching is applied on a \"starts with\" basis."},"filter_expression":{"type":"string","title":"Filter Expression","pattern":"^[a-zA-Z0-9-_=!\"{} .]*$","description":"A JEXL to filter records"}},"description":"This schema contains the structure of data for search engine icons which built from search-config-v2. The associated remote settings collection is search-config-icons."},"signature":{"ref":"k67rgbqk8fxb3bwcg7tvpb479","x5u":"https://content-signature-2.cdn.mozilla.net/chains/remote-settings.content-signature.mozilla.org-2024-04-09-14-36-39.chain","mode":"p384ecdsa","type":"contentsignaturepki","signature":"dzofwgUeugPb9HAtWfdEKBJzcZsIrDyWYOp2C_sVFhZN_hXI_vWKkU6f09-aoknf1bXEK4ioEPhw1HH9gXe2Co3u4vltFYXds1sTts9Sk8WZbW35wy_R-_z-IpYukCQr","signer_id":"remote-settings","public_key":"MHYwEAYHKoZIzj0CAQYFK4EEACIDYgAEwsfTf5S2a2sekbOGwvfp1fzj+EX015Cbp8qoECAsPf3bIiOUBcpsPNrqE7CwENuT9M56G330NauFdbZuhlUOBbOWisNkg7ytb5xloJUDSUNPtm+vMLaNp+RQO9COPvWl"},"attachment":{"enabled":true,"required":true},"displayFields":["engineIdentifiers","imageSize","filter_expression"],"id":"search-config-icons","last_modified":1708646404088}}