{"metadata":{"schema":{"type":"object","properties":{"id":{"type":"string","title":"Id","description":"A string that will be used to identify a browser (e.g. chrome, firefox_android, \u2026), not tied to a specific name"},"name":{"type":"string","title":"Name","description":"The name of the browser (e.g. Chrome, Firefox for Android, \u2026)"},"status":{"type":"string","title":"Status","description":"Extra information on the version (e.g. current, nightly, esr, \u2026)"},"version":{"type":"string","title":"Version","description":"The version of the browser (e.g. 99, 15.1, \u2026)"}}},"signature":{"ref":"3gx3xzg5klhufc0jzz1s3v0sf","x5u":"https://content-signature-2.cdn.mozilla.net/chains/remote-settings.content-signature.mozilla.org-2024-04-09-14-36-39.chain","mode":"p384ecdsa","type":"contentsignaturepki","signature":"BL80tzj7f4km9Rfn8Dl4JzGx4un44CU0V-XuIM2bMIT9V1iQQ2ln5GSXOz5Fj4TtoKjmLDBH8pHu2T8kgC5HBjhpRKjYvX3NBbhcOA_wS9RrVAcZsGt7rkDuI3lFDSWL","signer_id":"remote-settings","public_key":"MHYwEAYHKoZIzj0CAQYFK4EEACIDYgAEwsfTf5S2a2sekbOGwvfp1fzj+EX015Cbp8qoECAsPf3bIiOUBcpsPNrqE7CwENuT9M56G330NauFdbZuhlUOBbOWisNkg7ytb5xloJUDSUNPtm+vMLaNp+RQO9COPvWl"},"displayFields":["id","name","status","version"],"id":"devtools-compatibility-browsers","last_modified":1708507560734},"timestamp":1708507560615,"changes":[{"name":"Chrome Android","schema":1708473903758,"status":"beta","version":"123","browserid":"chrome_android","id":"a0ce8ad2-5c66-4e9e-987a-8a66c30e13f5","last_modified":1708507560615},{"name":"Chrome Android","schema":1708473903823,"status":"nightly","version":"124","browserid":"chrome_android","id":"6946fbe1-bfff-4b64-aead-f001f0e486de","last_modified":1708507560612},{"name":"Edge","schema":1708473904019,"status":"planned","version":"124","browserid":"edge","id":"3837dc37-38b7-483b-82b3-c5593e7a4c91","last_modified":1708507560609},{"name":"Opera","schema":1708473904223,"status":"beta","version":"108","browserid":"opera","id":"765d6fa9-857a-4918-9a85-fd40f73c9159","last_modified":1708507560606},{"name":"WebView Android","schema":1708473904412,"status":"beta","version":"123","browserid":"webview_android","id":"97f38fec-64b0-4f0f-addc-03ac1b11d512","last_modified":1708507560603},{"deleted":true,"id":"2d0a87f2-bc88-43d1-9b46-9ebd16e3fb66","last_modified":1708507560599},{"name":"Edge","schema":1708473903888,"status":"beta","version":"122","browserid":"edge","id":"5ad01f1f-b345-4f24-9b88-4f456a928c76","last_modified":1708507560596},{"name":"Edge","schema":1708473903953,"status":"nightly","version":"123","browserid":"edge","id":"d0c3d84f-8d27-455b-8746-7e25607e5b78","last_modified":1708507560593},{"deleted":true,"id":"5693902f-f878-4936-984d-044b573430a6","last_modified":1708507560591},{"deleted":true,"id":"a73ddf02-4e9d-425b-b9bb-6a8eb50abd46","last_modified":1708507560588},{"deleted":true,"id":"b03b5ac4-0239-4e0c-8685-1ffaa2d0995f","last_modified":1708507560585},{"name":"Chrome","schema":1708473903484,"status":"current","version":"122","browserid":"chrome","id":"e7c93856-0896-474c-b772-06edfae76234","last_modified":1708507560582},{"name":"Chrome Android","schema":1708473903685,"status":"current","version":"122","browserid":"chrome_android","id":"62f0c9c3-37c5-4b86-a63b-5be819cc9ff3","last_modified":1708507560579},{"name":"WebView Android","schema":1708473904351,"status":"current","version":"122","browserid":"webview_android","id":"62230e68-ea11-4915-a2f8-bab6c2f5cb8d","last_modified":1708507560576},{"name":"Opera","schema":1708473904160,"status":"current","version":"107","browserid":"opera","id":"8d9d78bb-ebc3-4931-a98b-bdefc339061d","last_modified":1708507560573},{"name":"Chrome","schema":1708473903555,"status":"beta","version":"123","browserid":"chrome","id":"66e79095-2721-4a9e-9139-1a5f1afe1311","last_modified":1708507560570},{"name":"Chrome","schema":1707523507640,"status":"planned","version":"124","browserid":"chrome","id":"f26cb7b0-cf29-4c33-8fb7-a2cc466a7e3c","last_modified":1707754922001},{"name":"Deno","schema":1706659507818,"status":"current","version":"1.40","browserid":"deno","id":"15c381ea-e194-48f1-99dc-3d8cd2ffdcfb","last_modified":1706695152746},{"name":"Safari on iOS","schema":1706659508024,"status":"beta","version":"17.4","browserid":"safari_ios","id":"b99772c5-e366-42c6-b2db-330aca62dba5","last_modified":1706695152744},{"deleted":true,"id":"40834129-97c0-45cc-9449-b2448bad1d2b","last_modified":1706695152741},{"deleted":true,"id":"74e217cb-3eb9-44b3-82d4-c14d54e78187","last_modified":1706695152738},{"name":"Edge","schema":1706659507960,"status":"current","version":"121","browserid":"edge","id":"52bfc592-a35d-4208-ba7b-0810d88970d0","last_modified":1706695152735},{"name":"Firefox","schema":1706313907801,"status":"planned","version":"125","browserid":"firefox","id":"5ae5bd40-deb0-40c4-bba6-cd411b78ee16","last_modified":1706515991128},{"name":"Firefox for Android","schema":1706313908206,"status":"planned","version":"125","browserid":"firefox_android","id":"a8f570e9-574d-4193-891f-fa8e0a875388","last_modified":1706515991125},{"name":"Opera Android","schema":1706313908456,"status":"current","version":"80","browserid":"opera_android","id":"534dc626-14f0-479e-9912-043e3da31e91","last_modified":1706515991120},{"name":"Safari","schema":1706313908648,"status":"beta","version":"17.4","browserid":"safari","id":"380463f2-6aa8-499e-b186-5f80cf4cc573","last_modified":1706515991117},{"deleted":true,"id":"63669ffc-728c-4e8a-b761-6939841f9d61","last_modified":1706515991106},{"deleted":true,"id":"4f1ee2e5-7dd6-4e30-bd15-893611cd4a7f","last_modified":1706515991104},{"deleted":true,"id":"7d5df0e5-3460-4fc6-8b19-d4148790d79c","last_modified":1706515991099},{"deleted":true,"id":"cf6b3ef6-f749-47bb-abe0-81bd0f134ff9","last_modified":1706515991092},{"deleted":true,"id":"0358e297-4312-4137-87b7-08e6d5f03bb5","last_modified":1706515991089},{"deleted":true,"id":"0709a73b-ba98-4e14-a086-6515bb7fa106","last_modified":1706515991087},{"name":"Safari on iOS","schema":1706313908779,"status":"current","version":"17.3","browserid":"safari_ios","id":"f8eb9101-134d-481e-b713-42a1543008e5","last_modified":1706515991084},{"name":"Safari","schema":1706313908588,"status":"current","version":"17.3","browserid":"safari","id":"7eb602be-e2c9-47d6-9491-29f8a42c3ddd","last_modified":1706515991082},{"deleted":true,"id":"8cbd1672-6d05-4c4f-9ad6-7955804a3f0c","last_modified":1706515991079},{"name":"Firefox","schema":1706313907687,"status":"beta","version":"123","browserid":"firefox","id":"2aed6f85-b118-4e91-b95a-481030c3bb78","last_modified":1706515991077},{"name":"Firefox for Android","schema":1706313907997,"status":"beta","version":"123","browserid":"firefox_android","id":"d9b7089d-7091-4794-9051-49f794c0c854","last_modified":1706515991074},{"deleted":true,"id":"6fa4f808-5e0b-4f2a-a108-600e52ea90f9","last_modified":1706515991072},{"deleted":true,"id":"23a8ddf5-b9a1-40c9-b72b-27fefb20f9b9","last_modified":1706515991068},{"name":"Firefox for Android","schema":1706313907923,"status":"current","version":"122","browserid":"firefox_android","id":"f849a913-a54d-4a46-bac3-e50d11e4fb59","last_modified":1706515991065},{"name":"Firefox","schema":1706313907623,"status":"current","version":"122","browserid":"firefox","id":"956ca361-9275-40af-a48f-6b67c5ab01c9","last_modified":1706515991063},{"name":"Firefox for Android","schema":1706313908145,"status":"nightly","version":"124","browserid":"firefox_android","id":"1b3c619a-5ca8-4f5f-8f0b-57a3a27a589f","last_modified":1706515991060},{"name":"Firefox","schema":1706313907745,"status":"nightly","version":"124","browserid":"firefox","id":"7f93cadc-411f-4e31-938c-cc5bfc173f85","last_modified":1706515991057}]}