{"metadata":{"schema":{"type":"object","allOf":[{"if":{"properties":{"recordType":{"const":"engine"}}},"then":{"required":["recordType","identifier","base","variants"],"properties":{"base":{"type":"object","title":"Base Details","required":["name","urls","classification"],"properties":{"name":{"type":"string","title":"Name","maxLength":100,"description":"The user visible name for the search engine."},"urls":{"$ref":"#/definitions/urls"},"aliases":{"type":"array","items":{"type":"string","pattern":"^[a-z\\xa1-\\uffff]*$"},"title":"Aliases","description":"An array of aliases that the user can use to search with this engine. The aliases will be prefix by '@' on desktop and potentially other platforms.","uniqueItems":true},"charset":{"type":"string","title":"Character Set","pattern":"^[a-zA-Z0-9-]*$","description":"The character set this engine uses for queries. Defaults to 'UTF=8' if not set."},"optional":{"type":"boolean","title":"Optional","description":"This search engine is presented as an option that the user may enable. It is not included in the initial list of search engines. If not specified, defaults to false."},"partnerCode":{"$ref":"#/definitions/partnerCode"},"classification":{"enum":["general","unknown"],"type":"string","title":"Classification","description":"The classification of search engine according to the main search types (e.g. general, shopping, travel, dictionary). Currently, only marking as a general search engine is supported."}},"description":"Base details for the engine."},"notes":{"type":"string","title":"Notes","pattern":"^[a-zA-Z0-9-_.() ]*$","description":"A short notes section used to potentially aid identification of this section for humans. Not intended for to be read by the application."},"variants":{"type":"array","items":{"type":"object","required":["environment"],"properties":{"urls":{"$ref":"#/definitions/urls"},"environment":{"$ref":"#/definitions/environment"},"partnerCode":{"$ref":"#/definitions/partnerCode"},"telemetrySuffix":{"type":"string","title":"Telemetry Suffix","pattern":"^[a-zA-Z0-9-]*$","description":"Suffix that is appended to the search engine identifier following a dash, i.e. `<identifier>-<suffix>`. There should always be a suffix supplied if the partner code is different."}},"dependencies":{"partnerCode":["telemetrySuffix"]}},"title":"Variants","description":"This section describes variations of this search engine that may occur depending on the user's environment. If multiple sections match a user's environment, then all matching sections are applied cumulatively in the order in the array."},"identifier":{"type":"string","title":"Identifier","pattern":"^[a-zA-Z0-9-_]*$","description":"The identifier of the search engine. This is used as an internal identifier, e.g. for saving the user's settings for the engine. It is also used to form the base telemetry id and may be extended by telemetrySuffix."},"recordType":{"$ref":"#/definitions/recordType"}}}},{"if":{"properties":{"recordType":{"const":"defaultEngines"}}},"then":{"required":["recordType","globalDefault"],"properties":{"recordType":{"$ref":"#/definitions/recordType"},"globalDefault":{"type":"string","title":"Global Default","pattern":"^[a-zA-Z0-9-_]*$","description":"The identifier of the engine that will be used as the application default if no other engines are specified as default."},"specificDefaults":{"type":"array","items":{"type":"object","oneOf":[{"required":["environment","default"]},{"required":["environment","defaultStartsWith"]},{"required":["environment","defaultPrivate"]},{"required":["environment","defaultPrivateStartsWith"]}],"properties":{"default":{"type":"string","title":"Default","pattern":"^[a-zA-Z0-9-_]*$","description":"The identifier of the engine that will be used as the application default for the associated environment."},"environment":{"$ref":"#/definitions/environment"},"defaultPrivate":{"type":"string","title":"Default - Private Mode","pattern":"^[a-zA-Z0-9-_]*$","description":"The identifier of the engine that will be used as the application default in private mode for the associated environment."},"defaultStartsWith":{"type":"string","title":"Default (Starts With)","pattern":"^[a-zA-Z0-9-_]*$","description":"This is the start of the identifier of engines that will be used as the application default for the associated environment. The configuration should ensure that any matching engines are unique in the particular environments."},"defaultPrivateStartsWith":{"type":"string","title":"Default - Private Mode (Starts With)","pattern":"^[a-zA-Z0-9-_]*$","description":"This is the start of the identifier of engines that will be used as the application default in private mode for the associated environment. The configuration should ensure that any matching engines are unique in the particular environments."}}},"title":"Filters","description":"The specific environment filters to set a different default engine. The array is ordered, when multiple entries match on environments, the later entry will override earlier entries."},"globalDefaultPrivate":{"type":"string","title":"Global Default - Private Mode","pattern":"^[a-zA-Z0-9-_]*$","description":"The identifier of the engine that will be used as the application default in private mode if no other engines are specified as default."}}}},{"if":{"properties":{"recordType":{"const":"engineOrders"}}},"then":{"required":["recordType","orders"],"properties":{"orders":{"type":"array","items":{"type":"object","required":["environment"],"properties":{"order":{"type":"array","items":{"type":"string","pattern":"^[a-zA-Z0-9-_]*\\*?$"},"title":"Engine Order","description":"The order of the engines for the associated environment. If engines are present for the user but not included in this list, they will follow after the ones in this list in alphabetical order. If an individual entry is suffixed with a star, matching is applied on a \"starts with\" basis."},"environment":{"$ref":"#/definitions/environment"}}},"title":"Orders","description":"When a user's instance matches the defined environments, the associated engine order will be applied. The array is ordered, when multiple entries match on environments, the later entry will override earlier entries."},"recordType":{"$ref":"#/definitions/recordType"}},"additionalProperties":false}}],"title":"Application Provided Search Engines Schema","properties":{"recordType":{"$ref":"#/definitions/recordType"}},"definitions":{"url":{"type":"object","properties":{"base":{"type":"string","title":"Base","description":"The PrePath and FilePath of the URL. May include variables for engines which have a variable FilePath, e.g. {searchTerm} for when a search term is within the path of the url."},"method":{"enum":["GET","POST"],"type":"string","title":"Method","pattern":"^(GET|POST)$","description":"The HTTP method to use to send the request. If not specified, defaults to GET."},"params":{"type":"array","items":{"type":"object","oneOf":[{"required":["name","value"]},{"required":["name","experimentConfig"]},{"required":["name","searchAccessPoint"]}],"title":"Parameter","properties":{"name":{"type":"string","title":"Name","pattern":"^[a-zA-Z0-9-_]*$","description":"The parameter name"},"value":{"type":"string","title":"Value","pattern":"^[a-zA-Z0-9-_{}]*$","description":"The parameter value, this may be a static value, or additionally contain a parameter replacement, e.g. {inputEncoding}. For the partner code parameter, this field should be {pc}."},"experimentConfig":{"type":"string","title":"Experiment Configuration","pattern":"^[a-zA-Z0-9-_]*$","description":"The value for the parameter will be derived from the equivalent experiment configuration value. If not experiment is present, this parameter will not be included in the final url."},"searchAccessPoint":{"type":"object","title":"Search Access Point","properties":{"newtab":{"type":"string","title":"Name","pattern":"^[a-zA-Z0-9-_]*$","description":"The value for the parameter when searched from the new tab page."},"homepage":{"type":"string","title":"Name","pattern":"^[a-zA-Z0-9-_]*$","description":"The value for the parameter when searched from the homepage."},"searchbar":{"type":"string","title":"Name","pattern":"^[a-zA-Z0-9-_]*$","description":"The value for the parameter when searched from the search bar."},"addressbar":{"type":"string","title":"Name","pattern":"^[a-zA-Z0-9-_]*$","description":"The value for the parameter when searched from the address bar."},"contextmenu":{"type":"string","title":"Name","pattern":"^[a-zA-Z0-9-_]*$","description":"The value for the parameter when searched from the context menu."}},"description":"A parameter whose value depends on the access point where the search was initiated."}}},"title":"Parameters","description":"The parameters for this URL."},"searchTermParamName":{"type":"string","title":"Search Term Parameter Name","pattern":"^[a-zA-Z0-9-_]*$","description":"The name of the query parameter for the search term. Automatically appended to the end of the query. This may be skipped if `{searchTerm}` is included in the base."}}},"urls":{"type":"object","title":"URLs","properties":{"search":{"$ref":"#/definitions/url","title":"Search URL","description":"The URL to use for searches"},"trending":{"$ref":"#/definitions/url","title":"Trending Suggestions URL","description":"The URL to use for tending suggestions"},"suggestions":{"$ref":"#/definitions/url","title":"Suggestions URL","description":"The URL to use for suggestions"}},"description":"The URLs associated with the search engine."},"recordType":{"enum":["engine","defaultEngines","engineOrders"],"title":"Record Type","description":"The type of details that this record contains."},"environment":{"type":"object","title":"Environment","properties":{"locales":{"type":"array","items":{"type":"string","pattern":"^([a-z]{2,3}(-[a-zA-Z]{2,})?(-macos)?|default)$","minLength":2},"title":"Locales","description":"An array of locales that this section applies to. 'default' will apply to situations where we have not been able to detect the user's locale.","uniqueItems":true},"regions":{"type":"array","items":{"type":"string","pattern":"^([a-z][a-z]|default)$","maxLength":7,"minLength":2},"title":"Regions","description":"An array of regions that this section applies to. 'default' will apply to situations where we have not been able to detect the user's region.","uniqueItems":true},"channels":{"type":"array","items":{"enum":["default","nightly","aurora","beta","release","esr"],"type":"string","pattern":"^[a-z]{0,100}$"},"title":"Release Channels","description":"An array of release channels that this section applies to (not set = everywhere).","uniqueItems":true},"experiment":{"type":"string","title":"Experiment","pattern":"^[a-zA-Z0-9-]{0,100}$","description":"The experiment that this section applies to."},"maxVersion":{"type":"string","title":"Maximum Version","pattern":"^[0-9a-z.]{0,20}$","description":"The maximum application version this section applies to (less-than comparison)."},"minVersion":{"type":"string","title":"Minimum Version","pattern":"^[0-9a-z.]{0,20}$","description":"The minimum application version this section applies to."},"applications":{"type":"array","items":{"enum":["","firefox","firefox-android","firefox-ios","focus-android","focus-ios"],"type":"string","pattern":"^[a-z-]{0,100}$"},"title":"Application Identifiers","description":"The application(s) this section applies to (default/not specified is everywhere).","uniqueItems":true},"distributions":{"type":"array","items":{"type":"string","pattern":"^[a-zA-Z0-9.-]{0,100}$"},"title":"Distributions","description":"An array of distribution identifiers that this applies to.","uniqueItems":true},"excludedLocales":{"type":"array","items":{"type":"string","pattern":"^([a-z]{2,3}(-[a-zA-Z]{2,})?(-macos)?|default)$","minLength":2},"title":"Excluded Locales","description":"An array of locales that this section should be excluded from. 'default' will apply to situations where we have not been able to detect the user's locale.","uniqueItems":true},"excludedRegions":{"type":"array","items":{"type":"string","pattern":"^([a-z]{2,3}|default)$","maxLength":7,"minLength":2},"title":"Excluded Regions","description":"An array of regions that this section should be excluded from. 'default' will apply to situations where we have not been able to detect the user's region.","uniqueItems":true},"allRegionsAndLocales":{"type":"boolean","title":"All Regions and Locales","description":"Indicates that this section applies to all regions and locales. May be modified by excludedRegions/excludedLocales."},"excludedDistributions":{"type":"array","items":{"type":"string","pattern":"^[a-zA-Z0-9.-]{0,100}$"},"title":"Excluded Distributions","description":"An array of distribution identifiers that this does not apply to.","uniqueItems":true}},"description":"Specifies details of possible user environments that the engine or variant applies to"},"partnerCode":{"type":"string","title":"Partner Code","pattern":"^[a-zA-Z0-9-_]*$","description":"The partner code for the engine or variant. This will be inserted into parameters which include '{pc}'"}},"description":"This schema contains the details to build application provided search engines shipped in some Mozilla products. The associated remote settings collection is search-config-v2. Note: the top-level properties section is only required to satisfy remoteSettings. The allOf section provides the full details of the different record types."},"signature":{"ref":"1k1gl6130xvdq2hieg97txacza","x5u":"https://content-signature-2.cdn.mozilla.net/chains/remote-settings.content-signature.mozilla.org-2024-04-09-14-36-39.chain","mode":"p384ecdsa","type":"contentsignaturepki","signature":"UnKHBpxpkfad41ZT77jnJJS0KN2v4lQK2mu42PPX3Kq9kLwzaHynRhC03xjOHvIqS_-Yk0yOxhIzzYuLozB64BiCWR5Xk7ivh-9yqhSRuvfRtukIhpS6qWZxjLENjla_","signer_id":"remote-settings","public_key":"MHYwEAYHKoZIzj0CAQYFK4EEACIDYgAEwsfTf5S2a2sekbOGwvfp1fzj+EX015Cbp8qoECAsPf3bIiOUBcpsPNrqE7CwENuT9M56G330NauFdbZuhlUOBbOWisNkg7ytb5xloJUDSUNPtm+vMLaNp+RQO9COPvWl"},"attachment":{"enabled":false,"required":false},"displayFields":["recordType","identifier"],"id":"search-config-v2","last_modified":1708473603973},"timestamp":1707833224345,"changes":[{"orders":[{"order":["baidu","bing","google","wikipedia*"],"environment":{"distributions":["MozillaOnline"]}},{"order":["qwant","qwantjr"],"environment":{"distributions":["qwant-001","qwant-002"]}}],"schema":1707824831520,"recordType":"engineOrders","id":"3e1fed64-5ec7-4b1c-bedc-741fe3c59bc3","last_modified":1707833224345},{"deleted":true,"id":"fc30f088-5ae6-4da5-bcef-26a2b9155006","last_modified":1707833224342},{"deleted":true,"id":"1721cba1-b263-43b5-8fc0-6e96ac8a705c","last_modified":1707833224339},{"deleted":true,"id":"9eb236d4-d256-4ab4-8497-31369fe0d05f","last_modified":1707833224336},{"deleted":true,"id":"b035d5fb-fbb2-4bf1-be8d-f020efe0c674","last_modified":1707833224334},{"deleted":true,"id":"8e4c8acd-7b7b-4276-a5b9-a9a80134f89f","last_modified":1707833224331},{"deleted":true,"id":"3ad13c42-f12e-44f9-bf02-e59c8682f8b2","last_modified":1707833224329},{"deleted":true,"id":"dda46cf2-9a5a-4ddd-8e3c-4dfe33a85bf3","last_modified":1707833224326},{"deleted":true,"id":"eef45c1b-2416-4031-937c-b1abbe71e1d6","last_modified":1707833224324},{"deleted":true,"id":"3e2a5e10-529f-42b4-b9ec-0720fda90ea5","last_modified":1707833224321},{"deleted":true,"id":"e73aa679-a6f8-48fa-9704-f4eaf9beb276","last_modified":1707833224318},{"deleted":true,"id":"7cbe50b7-4379-4905-8e05-a101b77b7ee3","last_modified":1707833224316},{"deleted":true,"id":"95f164d6-88a1-48c2-95db-0eb4ae5a5cf7","last_modified":1707833224313},{"base":{"name":"Bing","urls":{"search":{"base":"https://www.bing.com/search","params":[{"name":"pc","value":"{partnerCode}"},{"name":"form","searchAccessPoint":{"newtab":"MOZTSB","homepage":"MOZSPG","searchbar":"MOZSBR","addressbar":"MOZLBR","contextmenu":"MOZCON"}}],"searchTermParamName":"q"},"trending":{"base":"https://www.bing.com/osjson.aspx"},"suggestions":{"base":"https://www.bing.com/osjson.aspx","params":[{"name":"form","value":"OSDJAS"}],"searchTermParamName":"query"}},"aliases":["bing"],"partnerCode":"MOZI","classification":"general"},"schema":1706918405822,"variants":[{"environment":{"locales":["ach","af","an","ar","ast","az","bn","bs","ca","ca-valencia","cak","cs","cy","da","de","dsb","el","en-CA","en-GB","en-US","eo","es-CL","es-ES","es-MX","eu","fa","ff","fi","fr","fur","fy-NL","gd","gl","gn","gu-IN","he","hi-IN","hr","hsb","hy-AM","ia","id","is","it","ja","ja-JP-macos","ka","kab","km","kn","lij","lo","lt","meh","mk","ms","my","nb-NO","ne-NP","nl","nn-NO","oc","pa-IN","pt-BR","rm","ro","sc","sco","son","sq","sr","sv-SE","te","th","tl","tr","trs","uk","ur","uz","wo","xh","zh-CN"]}},{"environment":{"channels":["esr"]},"partnerCode":"MOZR","telemetrySuffix":"esr"}],"identifier":"bing","recordType":"engine","id":"05645095-d26e-4f20-9137-f24a14a23f28","last_modified":1707833224310}]}