{"metadata":{"sort":"-last_modified","schema":{"type":"object","required":["telemetryId","searchPageRegexp","queryParamName"],"properties":{"taggedCodes":{"type":"array","items":{"type":"string","pattern":"^[a-zA-Z0-9-._]*$"},"title":"Partner Codes","description":"An array of partner codes to match against the parameters in the url. Matching these codes will report the SERP as tagged."},"telemetryId":{"type":"string","title":"Telemetry Id","pattern":"^[a-z0-9-._]*$","description":"The telemetry identifier for the provider."},"organicCodes":{"type":"array","items":{"type":"string","pattern":"^[a-zA-Z0-9-._]*$"},"title":"Organic Codes","description":"An array of partner codes to match against the parameters in the url.  Matching these codes will report the SERP as organic."},"codeParamName":{"type":"string","title":"Partner Code Parameter Name","description":"The name of the query parameter for the partner code."},"queryParamName":{"type":"string","title":"Search Query Parameter Name","description":"The name of the query parameter for the user's search string."},"followOnCookies":{"type":"array","items":{"type":"object","properties":{"host":{"type":"string","pattern":"^[a-z0-9-._]*$","description":"The hostname on which the cookie is stored."},"name":{"type":"string","pattern":"^[a-zA-Z0-9-._]*$","description":"The name of the cookie to check."},"codeParamName":{"type":"string","pattern":"^[a-zA-Z0-9-._]*$","description":"The name of parameter within the cookie."},"extraCodePrefixes":{"type":"array","items":{"type":"string","pattern":"^[a-zA-Z0-9-._]*$"},"description":"Possible values for the query parameter in the URL that indicates this might be a follow-on search."},"extraCodeParamName":{"type":"string","pattern":"^[a-z0-9-._]*$","description":"The query parameter name in the URL that indicates this might be a follow-on search."}}},"title":"Follow-on Cookies","description":"An array of cookie details that are used to identify follow-on searches."},"searchPageRegexp":{"type":"string","title":"Search Page Regular Expression","description":"A regular expression which matches the search page of the provider."},"followOnParamNames":{"type":"array","items":{"type":"string","pattern":"^[a-z0-9-._]*$"},"title":"Follow-on Search Parameter Names","description":"An array of query parameter names that are used when a follow-on search occurs."},"extraAdServersRegexps":{"type":"array","items":{"type":"string"},"title":"Extra Ad Server Regular Expressions","description":"An array of regular expressions that match URLs of potential ad servers."}}},"signature":{"ref":"2qdp8w1oqrya2ycztusj82ggv","x5u":"https://content-signature-2.cdn.mozilla.net/chains/remote-settings.content-signature.mozilla.org-2024-04-09-14-36-39.chain","mode":"p384ecdsa","type":"contentsignaturepki","signature":"LcXk5xk8gn-mjl4Jg4hFBo17580YpKKhYdmeNtVK2tY3J8GnYLpSZSzkQ-6xSUMFPUaDmBqajacDmiTkoRgFzh6dCb_mr4ooWyhN6E2WNqXJvZmkVH4TeNX3ln7qYXhL","signer_id":"remote-settings","public_key":"MHYwEAYHKoZIzj0CAQYFK4EEACIDYgAEwsfTf5S2a2sekbOGwvfp1fzj+EX015Cbp8qoECAsPf3bIiOUBcpsPNrqE7CwENuT9M56G330NauFdbZuhlUOBbOWisNkg7ytb5xloJUDSUNPtm+vMLaNp+RQO9COPvWl"},"attachment":{"enabled":false,"required":false},"displayFields":["telemetryId"],"id":"search-telemetry-v2","last_modified":1708473603443},"timestamp":1707833261849,"changes":[{"isSPA":true,"schema":1707523204491,"components":[{"type":"ad_image_row","included":{"parent":{"selector":"[data-testid='pam.container']"},"children":[{"selector":"[data-slide-index]","countChildren":true}]}},{"type":"ad_link","included":{"parent":{"selector":"[data-testid='adResult']"}}},{"type":"incontent_searchbox","topDown":true,"included":{"parent":{"selector":"._1zdrb._1cR1n"},"related":{"selector":"#search-suggestions"},"children":[{"selector":"input[type='search']"}]}},{"type":"ad_link","default":true}],"taggedCodes":["brz-moz","firefoxqwant"],"telemetryId":"qwant","organicCodes":[],"codeParamName":"client","queryParamName":"q","queryParamNames":["q"],"searchPageRegexp":"^https://www\\.qwant\\.com/","filter_expression":"env.version|versionCompare(\"124.0a1\")>=0","followOnParamNames":[],"defaultPageQueryParam":{"key":"t","value":"web"},"extraAdServersRegexps":["^https://www\\.bing\\.com/acli?c?k","^https://api\\.qwant\\.com/v3/r/"],"id":"19c434a3-d173-4871-9743-290ac92a3f6b","last_modified":1707833261849}]}