{"permissions":{},"data":{"schema":{"type":"object","title":"Search Engine Overrides Schema","required":["telemetryId"],"properties":{"params":{"$ref":"#/definitions/params"},"clickUrl":{"type":"string","format":"uri","description":"The url used to for reporting clicks."},"telemetryId":{"type":"string","title":"Telemetry Id","pattern":"^[a-zA-Z0-9-$_]{0,100}$","description":"The telemetry Id used to match the engine that this record will override."},"telemetrySuffix":{"type":"string","title":"Telemetry Suffix","pattern":"^[a-zA-Z0-9-]*$","description":"Suffix that is appended to the search engine identifier following a dash, i.e. `<identifier>-<suffix>`."}},"definitions":{"params":{"type":"object","title":"Parameters","properties":{"searchUrlGetParams":{"$ref":"#/definitions/searchUrlCodes","title":"Search URL GET Parameters","description":"Extra parameters for search URLs (e.g. 'pc=foo')."}},"description":"Various parameters for the search engines"},"searchUrlCodes":{"type":"array","items":{"type":"object","properties":{"name":{"type":"string","title":"Name","pattern":"^[a-zA-Z0-9.-]{0,100}$","description":"Name of the parameter that will be used in the query"},"value":{"type":"string","title":"Value","pattern":"^[a-zA-Z0-9_{}:/.-]{0,100}$","description":"The value of parameter (pref or purpose)"}}},"title":"Codes","description":"A array of objects - map of parameter name to the parameter value."}},"description":"This schema contains the details for overriding application provided search engines defined in search-config. The associated remote settings collection is search-config-overrides."},"signature":{"ref":"3nlw2av3s4fc23s0r8t4zqm3vp","x5u":"https://content-signature-2.cdn.mozilla.net/chains/remote-settings.content-signature.mozilla.org-2024-04-09-14-36-39.chain","mode":"p384ecdsa","type":"contentsignaturepki","signature":"ZCM5znC0-1ozvgMWuQjQ-x_I-6ZdWyqlD5l04kUwVFiIWidC2UMpHzt4wnh3mTJgAZpLbJqJXGAH2v9azTUB3QAMKGezAWzmLEX_L_a3v7bUD0pFU3rogSLfB-8fHkfr","signer_id":"remote-settings","public_key":"MHYwEAYHKoZIzj0CAQYFK4EEACIDYgAEwsfTf5S2a2sekbOGwvfp1fzj+EX015Cbp8qoECAsPf3bIiOUBcpsPNrqE7CwENuT9M56G330NauFdbZuhlUOBbOWisNkg7ytb5xloJUDSUNPtm+vMLaNp+RQO9COPvWl"},"attachment":{"enabled":false,"required":false},"displayFields":["telemetryId"],"id":"search-config-overrides","last_modified":1708387205180}}