{"metadata":{"sort":"-last_modified","schema":{"type":"object","required":["name","release","revision","license"],"properties":{"id":{"type":"string"},"name":{"type":"string","title":"Name","description":"The name of the project, e.g. bergamot-translator"},"license":{"type":"string","title":"License","description":"The license of the wasm, as a https://spdx.org/licenses/"},"release":{"type":"string","title":"Release","description":"The human readable identifier for the release. e.g. v0.4.4"},"revision":{"type":"string","title":"Revision","description":"The commit hash for the project that generated the wasm."}}},"signature":{"ref":"3at5mbgf5mqwf24mrmz042ti7m","x5u":"https://content-signature-2.cdn.mozilla.net/chains/remote-settings.content-signature.mozilla.org-2024-03-20-10-07-03.chain","mode":"p384ecdsa","type":"contentsignaturepki","signature":"1Pi8xGXAsMvLuO7UKugWW97kiqikykcWXBpsk_OypNCwN1ZvMjkE_SDnmOWcPlFWPeV_H0bquFzJrzXTu-vtAHtcH6YQCktkbqDHxS6zmCN6MeiPrhPZ7uFPHv2EsFGM","signer_id":"remote-settings","public_key":"MHYwEAYHKoZIzj0CAQYFK4EEACIDYgAE9/8sqFZ+dU3XKZO6K+T1Ez9wiWI18wv2atOP1JBioLK9RDzM+2lP3hcnmkdKPoF54BBcrrUruEYcLg7gsw2EWoqGzqOXmUVf5aDVfUHQxV8aW4x3H/oT0qGFXgDFHb+t"},"attachment":{"enabled":true,"required":true},"displayFields":["name","release","revision","license"],"id":"translations-wasm","last_modified":1708387204273},"timestamp":1705701099603,"changes":[{"name":"bergamot-translator","schema":1705698520049,"license":"MPL-2.0","release":"v0.4.5","version":"1.1","revision":"05a87784973b6e1cc591f1f1a9a05c5873d9971e","attachment":{"hash":"9bfb4cc9dc176c7cbaa6b2890d9f6868c0ada6f44168a0bb0903dbfb88278d92","size":5188872,"filename":"bergamot-translator-worker.wasm","location":"main-workspace/translations-wasm/76ec99f8-04d5-47df-8c52-a3a38d864141.wasm","mimetype":"application/wasm"},"fx_release":"122.0a1","filter_expression":"","id":"73c6f691-ba5e-4c98-9622-820a2cde16c0","last_modified":1705701099603}]}