[
    {
        "actionName": "vuser_end",
        "steps": [
            {
                "stepId": "STEP5",
                "stepName": "Url: logout",
                "infFile": "t6.inf",
                "time": 1707727216477
            },
            {
                "stepId": "STEP6",
                "stepName": "Custom Request: logout_2",
                "infFile": "t7.inf",
                "time": 1707727216746
            }
        ],
        "transactions": []
    }
]