[
    {
        "actionName": "Action",
        "steps": [
            {
                "stepId": "STEP3",
                "stepName": "Submit Data: validate",
                "infFile": "t4.inf",
                "time": 1708772653453
            },
            {
                "stepId": "STEP4",
                "stepName": "Url: action-summary",
                "infFile": "t5.inf",
                "time": 1708772653876
            },
            {
                "stepId": "STEP5",
                "stepName": "Url: time-at-work",
                "infFile": "t6.inf",
                "time": 1708772654216
            },
            {
                "stepId": "STEP6",
                "stepName": "Url: shortcuts",
                "infFile": "t7.inf",
                "time": 1708772654545
            },
            {
                "stepId": "STEP7",
                "stepName": "Url: feed",
                "infFile": "t8.inf",
                "time": 1708772654886
            },
            {
                "stepId": "STEP8",
                "stepName": "Url: leaves",
                "infFile": "t9.inf",
                "time": 1708772655244
            },
            {
                "stepId": "STEP9",
                "stepName": "Url: locations",
                "infFile": "t10.inf",
                "time": 1708772655576
            },
            {
                "stepId": "STEP10",
                "stepName": "Url: subunit",
                "infFile": "t11.inf",
                "time": 1708772655944
            },
            {
                "stepId": "STEP11",
                "stepName": "Custom Request: push",
                "infFile": "t12.inf",
                "time": 1708772656284
            },
            {
                "stepId": "STEP12",
                "stepName": "Url: viewMyDetails",
                "infFile": "t13.inf",
                "time": 1708772657163
            },
            {
                "stepId": "STEP13",
                "stepName": "Url: personal-details",
                "infFile": "t14.inf",
                "time": 1708772657543
            },
            {
                "stepId": "STEP14",
                "stepName": "Url: attachments",
                "infFile": "t15.inf",
                "time": 1708772657899
            },
            {
                "stepId": "STEP15",
                "stepName": "Url: workweek",
                "infFile": "t16.inf",
                "time": 1708772658239
            },
            {
                "stepId": "STEP16",
                "stepName": "Url: 7",
                "infFile": "t17.inf",
                "time": 1708772658590
            },
            {
                "stepId": "STEP17",
                "stepName": "Url: custom-fields",
                "infFile": "t18.inf",
                "time": 1708772658969
            },
            {
                "stepId": "STEP18",
                "stepName": "Url: employees",
                "infFile": "t19.inf",
                "time": 1708772659385
            },
            {
                "stepId": "STEP19",
                "stepName": "Url: holidays",
                "infFile": "t20.inf",
                "time": 1708772659728
            },
            {
                "stepId": "STEP20",
                "stepName": "Url: workweek_2",
                "infFile": "t21.inf",
                "time": 1708772660054
            },
            {
                "stepId": "STEP21",
                "stepName": "Url: holidays_2",
                "infFile": "t22.inf",
                "time": 1708772660459
            },
            {
                "stepId": "STEP22",
                "stepName": "Url: viewAdminModule",
                "infFile": "t23.inf",
                "time": 1708772661209
            },
            {
                "stepId": "STEP23",
                "stepName": "Url: users",
                "infFile": "t24.inf",
                "time": 1708772661590
            }
        ],
        "transactions": []
    }
]