{"data":[{"empNumber":164,"lastName":"87654","firstName":"vaishnavi","middleName":"","employeeId":"0370","terminationId":null},{"empNumber":83,"lastName":"9ZZklOKA","firstName":"WMMM5xW8","middleName":"dqbH9nRq","employeeId":"0292","terminationId":null},{"empNumber":133,"lastName":"ABC","firstName":"Shweta","middleName":"","employeeId":"00012","terminationId":null},{"empNumber":2,"lastName":"Adalwin","firstName":"Odis","middleName":"","employeeId":"0002","terminationId":null},{"empNumber":69,"lastName":"Akunuri","firstName":"Ranga","middleName":"","employeeId":"0277","terminationId":null},{"empNumber":127,"lastName":"Ambh2M77","firstName":"1J5eDEoa","middleName":"0U7ClV1Z","employeeId":"2230357","terminationId":null},{"empNumber":95,"lastName":"Amiano","firstName":"Timothy","middleName":"Lewis","employeeId":"0039","terminationId":null},{"empNumber":3,"lastName":"Anderson","firstName":"Peter","middleName":"Mac","employeeId":"0007","terminationId":null},{"empNumber":46,"lastName":"B","firstName":"Ravi","middleName":"M","employeeId":"3322","terminationId":null},{"empNumber":90,"lastName":"bAPkipFz","firstName":"LE4ZOlGX","middleName":"g4smH2Xo","employeeId":"0303","terminationId":null},{"empNumber":132,"lastName":"Bean","firstName":"Jojo","middleName":"","employeeId":"ATP1001","terminationId":null},{"empNumber":108,"lastName":"Bryan","firstName":"Ryan","middleName":"","employeeId":"0316","terminationId":null},{"empNumber":118,"lastName":"Burgess","firstName":"Melvin","middleName":"","employeeId":"0326","terminationId":null},{"empNumber":96,"lastName":"Das","firstName":"Rahul","middleName":"","employeeId":"0304","terminationId":null},{"empNumber":122,"lastName":"Das","firstName":"S A","middleName":"Ram","employeeId":"03308089","terminationId":null},{"empNumber":99,"lastName":"Das","firstName":"Rahul","middleName":"","employeeId":"kkt","terminationId":null},{"empNumber":98,"lastName":"Das","firstName":"Rahul","middleName":"","employeeId":null,"terminationId":null},{"empNumber":97,"lastName":"Das","firstName":"Rahul","middleName":"","employeeId":null,"terminationId":null},{"empNumber":101,"lastName":"Das","firstName":"Rahul","middleName":"","employeeId":"123","terminationId":null},{"empNumber":120,"lastName":"duckeet","firstName":"RTY","middleName":"sanda","employeeId":"6666","terminationId":null},{"empNumber":82,"lastName":"dulvin","firstName":"savina","middleName":"dulvin","employeeId":"0291029900","terminationId":null},{"empNumber":84,"lastName":"dulvin","firstName":"savina","middleName":"dulvin","employeeId":"0293029900","terminationId":null},{"empNumber":94,"lastName":"dulvin","firstName":"savina","middleName":"dulvin","employeeId":"0303029900","terminationId":null},{"empNumber":109,"lastName":"Dunn","firstName":"Kyle","middleName":"","employeeId":"0317","terminationId":null},{"empNumber":140,"lastName":"EmpLast1215413559","firstName":"EmpFirst1215413559","middleName":"","employeeId":"EmpId1215","terminationId":null},{"empNumber":123,"lastName":"EmpLast1290647980","firstName":"EmpFirst1290647980","middleName":"EmpMiddle1290647980","employeeId":"EmpId1290","terminationId":null},{"empNumber":148,"lastName":"EmpLast1981423312","firstName":"EmpFirst1981423312","middleName":"","employeeId":"EmpId1981","terminationId":null},{"empNumber":130,"lastName":"EmpLast2540516631","firstName":"EmpFirst2540516631","middleName":"","employeeId":"EmpId2540","terminationId":null},{"empNumber":125,"lastName":"EmpLast256912585","firstName":"EmpFirst256912585","middleName":"EmpMiddle256912585","employeeId":"EmpId2569","terminationId":null},{"empNumber":124,"lastName":"EmpLast4170689419","firstName":"EmpFirst4170689419","middleName":"","employeeId":"EmpId4170","terminationId":null},{"empNumber":145,"lastName":"EmpLast4394213876","firstName":"EmpFirst4394213876","middleName":"EmpMiddle4394213876","employeeId":"EmpId4394","terminationId":null},{"empNumber":138,"lastName":"EmpLast4988180428","firstName":"EmpFirst4988180428","middleName":"EmpMiddle4988180428","employeeId":"EmpId4988","terminationId":null},{"empNumber":137,"lastName":"EmpLast685112829","firstName":"EmpFirst685112829","middleName":"","employeeId":"EmpId6851","terminationId":null},{"empNumber":126,"lastName":"EmpLast8089694454","firstName":"EmpFirst8089694454","middleName":"","employeeId":"EmpId8089","terminationId":null},{"empNumber":136,"lastName":"EmpLast9197791914","firstName":"EmpFirst9197791914","middleName":"EmpMiddle9197791914","employeeId":"EmpId9197","terminationId":null},{"empNumber":129,"lastName":"EmpLast9454607068","firstName":"EmpFirst9454607068","middleName":"EmpMiddle9454607068","employeeId":"EmpId9454","terminationId":null},{"empNumber":58,"lastName":"g","firstName":"savi","middleName":"N","employeeId":"0266","terminationId":null},{"empNumber":111,"lastName":"Gonzales","firstName":"Dawn","middleName":"","employeeId":"0319","terminationId":null},{"empNumber":165,"lastName":"GSe42","firstName":"SH7hC","middleName":"WqE6c","employeeId":"03717968","terminationId":null},{"empNumber":9,"lastName":"Hamilton","firstName":"Russel","middleName":"","employeeId":"0034","terminationId":null},{"empNumber":11,"lastName":"Harmony","firstName":"Rebecca","middleName":"","employeeId":"0042","terminationId":null},{"empNumber":91,"lastName":"hgfkag","firstName":"Sagar","middleName":"hag","employeeId":"0300","terminationId":null},{"empNumber":81,"lastName":"ibuvlwtfsfibuvlwtfsf","firstName":"dhbrukkuzldhbrukkuzl","middleName":"","employeeId":"0290","terminationId":null},{"empNumber":119,"lastName":"k","firstName":"maddy","middleName":"","employeeId":"03257","terminationId":null},{"empNumber":121,"lastName":"Kapoor","firstName":"Nidhi","middleName":"Raj","employeeId":"0329","terminationId":null},{"empNumber":39,"lastName":"Kohli","firstName":"Virat","middleName":"","employeeId":"0249","terminationId":null},{"empNumber":113,"lastName":"Lee","firstName":"Donna","middleName":"","employeeId":"0321","terminationId":null},{"empNumber":52,"lastName":"lszuvmchnilszuvmchni","firstName":"rkbqaoxdhzrkbqaoxdhz","middleName":"","employeeId":"0261","terminationId":null},{"empNumber":117,"lastName":"Moore","firstName":"Kristie","middleName":"","employeeId":"0325","terminationId":null},{"empNumber":168,"lastName":"N","firstName":"Madhu","middleName":"","employeeId":"0501","terminationId":null}],"meta":{"total":110},"rels":[]}