{"data":[{"id":71,"userName":"65_User1","deleted":false,"status":true,"employee":{"empNumber":132,"employeeId":"ATP1001","firstName":"Jojo","middleName":"","lastName":"Bean","terminationId":null},"userRole":{"id":2,"name":"ESS","displayName":"ESS"}},{"id":1,"userName":"Admin","deleted":false,"status":true,"employee":{"empNumber":7,"employeeId":"12345","firstName":"Aravind","middleName":"Vijayan","lastName":"yqcdWy4V","terminationId":null},"userRole":{"id":1,"name":"Admin","displayName":"Admin"}},{"id":73,"userName":"ahsan","deleted":false,"status":true,"employee":{"empNumber":133,"employeeId":"00012","firstName":"Shweta","middleName":"","lastName":"ABC","terminationId":null},"userRole":{"id":1,"name":"Admin","displayName":"Admin"}},{"id":58,"userName":"anjalis","deleted":false,"status":true,"employee":{"empNumber":127,"employeeId":"2230357","firstName":"1J5eDEoa","middleName":"0U7ClV1Z","lastName":"Ambh2M77","terminationId":null},"userRole":{"id":2,"name":"ESS","displayName":"ESS"}},{"id":69,"userName":"bcod123","deleted":false,"status":true,"employee":{"empNumber":151,"employeeId":"0357","firstName":"njan","middleName":"ku","lastName":"Sahoo","terminationId":null},"userRole":{"id":2,"name":"ESS","displayName":"ESS"}},{"id":72,"userName":"ChinnuUday","deleted":false,"status":true,"employee":{"empNumber":121,"employeeId":"0329","firstName":"Nidhi","middleName":"Raj","lastName":"Kapoor","terminationId":null},"userRole":{"id":1,"name":"Admin","displayName":"Admin"}},{"id":51,"userName":"maddy","deleted":false,"status":true,"employee":{"empNumber":119,"employeeId":"03257","firstName":"maddy","middleName":"","lastName":"k","terminationId":null},"userRole":{"id":2,"name":"ESS","displayName":"ESS"}},{"id":46,"userName":"nalim","deleted":false,"status":true,"employee":{"empNumber":92,"employeeId":"0301","firstName":"Nalim","middleName":"","lastName":"R P","terminationId":null},"userRole":{"id":2,"name":"ESS","displayName":"ESS"}},{"id":3,"userName":"Odis.Adalwin","deleted":false,"status":true,"employee":{"empNumber":2,"employeeId":"0002","firstName":"Odis","middleName":"","lastName":"Adalwin","terminationId":null},"userRole":{"id":1,"name":"Admin","displayName":"Admin"}},{"id":4,"userName":"Peter.Anderson","deleted":false,"status":true,"employee":{"empNumber":3,"employeeId":"0007","firstName":"Peter","middleName":"Mac","lastName":"Anderson","terminationId":null},"userRole":{"id":1,"name":"Admin","displayName":"Admin"}},{"id":47,"userName":"rahul","deleted":false,"status":true,"employee":{"empNumber":96,"employeeId":"0304","firstName":"Rahul","middleName":"","lastName":"Das","terminationId":null},"userRole":{"id":2,"name":"ESS","displayName":"ESS"}},{"id":48,"userName":"Rajchi700","deleted":false,"status":true,"employee":{"empNumber":69,"employeeId":"0277","firstName":"Ranga","middleName":"","lastName":"Akunuri","terminationId":null},"userRole":{"id":1,"name":"Admin","displayName":"Admin"}},{"id":11,"userName":"Rebecca.Harmony","deleted":false,"status":true,"employee":{"empNumber":11,"employeeId":"0042","firstName":"Rebecca","middleName":"","lastName":"Harmony","terminationId":null},"userRole":{"id":2,"name":"ESS","displayName":"ESS"}},{"id":9,"userName":"Russel.Hamilton","deleted":false,"status":true,"employee":{"empNumber":9,"employeeId":"0034","firstName":"Russel","middleName":"","lastName":"Hamilton","terminationId":null},"userRole":{"id":2,"name":"ESS","displayName":"ESS"}},{"id":22,"userName":"Sania.Shaheen","deleted":false,"status":true,"employee":{"empNumber":22,"employeeId":"0087","firstName":"Sania","middleName":"","lastName":"Shaheen","terminationId":null},"userRole":{"id":2,"name":"ESS","displayName":"ESS"}},{"id":26,"userName":"Sara.Tencrady","deleted":false,"status":true,"employee":{"empNumber":26,"employeeId":"0103","firstName":"Sara","middleName":"","lastName":"Tencrady","terminationId":null},"userRole":{"id":2,"name":"ESS","displayName":"ESS"}},{"id":41,"userName":"savi22dsd","deleted":false,"status":false,"employee":{"empNumber":80,"employeeId":"0289","firstName":"savi","middleName":"g","lastName":"n","terminationId":null},"userRole":{"id":2,"name":"ESS","displayName":"ESS"}},{"id":50,"userName":"Test15","deleted":false,"status":true,"employee":{"empNumber":1,"employeeId":"0001","firstName":"Orange","middleName":"","lastName":"Test","terminationId":null},"userRole":{"id":1,"name":"Admin","displayName":"Admin"}},{"id":70,"userName":"test51","deleted":false,"status":true,"employee":{"empNumber":7,"employeeId":"12345","firstName":"Aravind","middleName":"Vijayan","lastName":"yqcdWy4V","terminationId":null},"userRole":{"id":1,"name":"Admin","displayName":"Admin"}},{"id":52,"userName":"UserName1290647980","deleted":false,"status":true,"employee":{"empNumber":123,"employeeId":"EmpId1290","firstName":"EmpFirst1290647980","middleName":"EmpMiddle1290647980","lastName":"EmpLast1290647980","terminationId":null},"userRole":{"id":1,"name":"Admin","displayName":"Admin"}},{"id":56,"userName":"UserName256912585","deleted":false,"status":true,"employee":{"empNumber":125,"employeeId":"EmpId2569","firstName":"EmpFirst256912585","middleName":"EmpMiddle256912585","lastName":"EmpLast256912585","terminationId":null},"userRole":{"id":1,"name":"Admin","displayName":"Admin"}},{"id":67,"userName":"UserName4394213876","deleted":false,"status":true,"employee":{"empNumber":145,"employeeId":"EmpId4394","firstName":"EmpFirst4394213876","middleName":"EmpMiddle4394213876","lastName":"EmpLast4394213876","terminationId":null},"userRole":{"id":1,"name":"Admin","displayName":"Admin"}},{"id":65,"userName":"UserName4988180428","deleted":false,"status":true,"employee":{"empNumber":138,"employeeId":"EmpId4988","firstName":"EmpFirst4988180428","middleName":"EmpMiddle4988180428","lastName":"EmpLast4988180428","terminationId":null},"userRole":{"id":1,"name":"Admin","displayName":"Admin"}},{"id":63,"userName":"UserName9197791914","deleted":false,"status":true,"employee":{"empNumber":136,"employeeId":"EmpId9197","firstName":"EmpFirst9197791914","middleName":"EmpMiddle9197791914","lastName":"EmpLast9197791914","terminationId":null},"userRole":{"id":1,"name":"Admin","displayName":"Admin"}},{"id":59,"userName":"UserName9454607068","deleted":false,"status":true,"employee":{"empNumber":129,"employeeId":"EmpId9454","firstName":"EmpFirst9454607068","middleName":"EmpMiddle9454607068","lastName":"EmpLast9454607068","terminationId":null},"userRole":{"id":1,"name":"Admin","displayName":"Admin"}}],"meta":{"total":25},"rels":[]}