{"data":[{"workDay":{"id":"1","day":"Mon","date":"2024-02-19"},"totalTime":{"hours":24,"minutes":0}},{"workDay":{"id":"2","day":"Tue","date":"2024-02-20"},"totalTime":{"hours":24,"minutes":0}},{"workDay":{"id":"3","day":"Wed","date":"2024-02-21"},"totalTime":{"hours":24,"minutes":0}},{"workDay":{"id":"4","day":"Thu","date":"2024-02-22"},"totalTime":{"hours":24,"minutes":0}},{"workDay":{"id":"5","day":"Fri","date":"2024-02-23"},"totalTime":{"hours":24,"minutes":0}},{"workDay":{"id":"6","day":"Sat","date":"2024-02-24"},"totalTime":{"hours":24,"minutes":0}},{"workDay":{"id":"0","day":"Sun","date":"2024-02-25"},"totalTime":{"hours":24,"minutes":0}}],"meta":{"lastAction":{"state":"PUNCHED OUT","utcDate":"2024-02-26","utcTime":"07:28","userDate":"2024-02-26","userTime":"12:58","timezoneOffset":"5.5"},"currentDay":{"currentDate":{"date":"2024-02-24","label":"Feb 24"},"totalTime":{"hours":24,"minutes":0}},"currentWeek":{"startDate":{"date":"2024-02-19","label":"Feb 19"},"endDate":{"date":"2024-02-25","label":"Feb 25"},"totalTime":{"hours":168,"minutes":0}},"currentUser":{"empNumber":7,"firstName":"Bunny","middleName":"Big","lastName":"Alpha","terminationId":null}},"rels":[]}