{"OutputFileHashSum":"FD5B7C221448DCEFD222FFA94AAE073D7BF8B5D93B9B8F2412F53B520D24AA18","Converted":true,"OutputModifyDate":"2024-02-12T08:40:16.7478495Z","Metadatas":[{"CategoryName":"VuGen.Replay","Offset":2334,"Length":234,"TypeId":1},{"CategoryName":"VuGen.Replay","Offset":2812,"Length":23,"TypeId":2},{"CategoryName":"VuGen.Replay","Offset":2835,"Length":226,"TypeId":1},{"CategoryName":"VuGen.Replay","Offset":4198,"Length":163,"TypeId":3},{"CategoryName":"VuGen.Replay","Offset":4361,"Length":153,"TypeId":3},{"CategoryName":"VuGen.Replay","Offset":4673,"Length":21,"TypeId":2},{"CategoryName":"VuGen.Replay","Offset":5368,"Length":166,"TypeId":3},{"CategoryName":"VuGen.Replay","Offset":5534,"Length":160,"TypeId":3}],"MetadataTypes":[{"CategoryName":"VuGen.Replay","MetadataTypeName":"Utt.Debugger.Warning","Id":1},{"CategoryName":"VuGen.Replay","MetadataTypeName":"HP.LR.Vugen.Iteration","Id":2},{"CategoryName":"VuGen.Replay","MetadataTypeName":"Utt.Debugger.Error","Id":3}]}