﻿<DataObject comparison="Ordinal">
  <Section id="">
    <Subsections>
      <Section id="General">
        <Subsections />
        <Entries>
          <Entry key="ElapsedTime">
            <double>7.0965558</double>
          </Entry>
          <Entry key="StartedAt">
            <dateTime>2024-02-12T14:10:09.6882942+05:30</dateTime>
          </Entry>
          <Entry key="EndedAt">
            <dateTime>2024-02-12T14:10:16.78485+05:30</dateTime>
          </Entry>
          <Entry key="ReplayStatus">
            <LastReplayRunStatus>Failed</LastReplayRunStatus>
          </Entry>
          <Entry key="NumberOfReplayErrors">
            <int>4</int>
          </Entry>
          <Entry key="NumberOfReplayCriticalErrors">
            <int>4</int>
          </Entry>
          <Entry key="NumberOfCompilationErrors">
            <int>0</int>
          </Entry>
        </Entries>
      </Section>
    </Subsections>
    <Entries>
      <Entry key="Iterations">
        <int>1</int>
      </Entry>
    </Entries>
  </Section>
</DataObject>